C贸digo;Recibo;Fecha;Fecha de Cierre;Total (Bs.);Fondo (Bs.);Estado;Cajero;Auditado Por;Acciones;xlsFilesList;Medio de pago;recaudadora;moneda;ruta;recaudacion;billValue;billQuantity;Amount;coinValue;coinQuantity;Date;DocumentNumber;Bank;NroRef;NroClient
55058;CCAJ-TR47/37/2023;15/02/2023;15/02/2023;65,015.70;0.00;CONFIRMADO;DAVID ZABALA - CAJA;;distribuidora;[];Efectivo;BENI;Bs;BENI_55058_arceoCajaBs_dist.xlsx;distribuidora;200.0;10.0;2,000.00;;;;;;;
55058;CCAJ-TR47/37/2023;15/02/2023;15/02/2023;65,015.70;0.00;CONFIRMADO;DAVID ZABALA - CAJA;;distribuidora;[];Efectivo;BENI;Bs;BENI_55058_arceoCajaBs_dist.xlsx;distribuidora;100.0;377.0;37,700.00;;;;;;;
55058;CCAJ-TR47/37/2023;15/02/2023;15/02/2023;65,015.70;0.00;CONFIRMADO;DAVID ZABALA - CAJA;;distribuidora;[];Efectivo;BENI;Bs;BENI_55058_arceoCajaBs_dist.xlsx;distribuidora;50.0;142.0;7,100.00;;;;;;;
55058;CCAJ-TR47/37/2023;15/02/2023;15/02/2023;65,015.70;0.00;CONFIRMADO;DAVID ZABALA - CAJA;;distribuidora;[];Efectivo;BENI;Bs;BENI_55058_arceoCajaBs_dist.xlsx;distribuidora;20.0;504.0;10,080.00;;;;;;;
55058;CCAJ-TR47/37/2023;15/02/2023;15/02/2023;65,015.70;0.00;CONFIRMADO;DAVID ZABALA - CAJA;;distribuidora;[];Efectivo;BENI;Bs;BENI_55058_arceoCajaBs_dist.xlsx;distribuidora;10.0;723.0;7,230.00;;;;;;;
55063;CCAJ-TR50/37/23;15/02/2023;15/02/2023;2,029.40;1,000.00;CONFIRMADO;OSCAR LOAYZA SALVATIERRA;;agencia;[];Efectivo;BENI;Bs;BENI_55063_arceoCajaBs_ag.xlsx;agencia;100.0;7.0;700.00;;;;;;;
55063;CCAJ-TR50/37/23;15/02/2023;15/02/2023;2,029.40;1,000.00;CONFIRMADO;OSCAR LOAYZA SALVATIERRA;;agencia;[];Efectivo;BENI;Bs;BENI_55063_arceoCajaBs_ag.xlsx;agencia;50.0;5.0;250.00;;;;;;;
55063;CCAJ-TR50/37/23;15/02/2023;15/02/2023;2,029.40;1,000.00;CONFIRMADO;OSCAR LOAYZA SALVATIERRA;;agencia;[];Efectivo;BENI;Bs;BENI_55063_arceoCajaBs_ag.xlsx;agencia;20.0;15.0;300.00;;;;;;;
55063;CCAJ-TR50/37/23;15/02/2023;15/02/2023;2,029.40;1,000.00;CONFIRMADO;OSCAR LOAYZA SALVATIERRA;;agencia;[];Efectivo;BENI;Bs;BENI_55063_arceoCajaBs_ag.xlsx;agencia;10.0;29.0;290.00;;;;;;;
55052;CCAJ-LP02/73/2023;15/02/2023;15/02/2023;256,286.10;0.00;CONFIRMADO;RIBANA RUTH REA RUEDA;;distribuidora;[];Efectivo;LA PAZ;Bs;LA PAZ_55052_arceoCajaBs_dist.xlsx;distribuidora;200.0;160.0;32,000.00;;;;;;;
55052;CCAJ-LP02/73/2023;15/02/2023;15/02/2023;256,286.10;0.00;CONFIRMADO;RIBANA RUTH REA RUEDA;;distribuidora;[];Efectivo;LA PAZ;Bs;LA PAZ_55052_arceoCajaBs_dist.xlsx;distribuidora;100.0;1435.0;143,500.00;;;;;;;
55052;CCAJ-LP02/73/2023;15/02/2023;15/02/2023;256,286.10;0.00;CONFIRMADO;RIBANA RUTH REA RUEDA;;distribuidora;[];Efectivo;LA PAZ;Bs;LA PAZ_55052_arceoCajaBs_dist.xlsx;distribuidora;50.0;829.0;41,450.00;;;;;;;
55052;CCAJ-LP02/73/2023;15/02/2023;15/02/2023;256,286.10;0.00;CONFIRMADO;RIBANA RUTH REA RUEDA;;distribuidora;[];Efectivo;LA PAZ;Bs;LA PAZ_55052_arceoCajaBs_dist.xlsx;distribuidora;20.0;1364.0;27,280.00;;;;;;;
55052;CCAJ-LP02/73/2023;15/02/2023;15/02/2023;256,286.10;0.00;CONFIRMADO;RIBANA RUTH REA RUEDA;;distribuidora;[];Efectivo;LA PAZ;Bs;LA PAZ_55052_arceoCajaBs_dist.xlsx;distribuidora;10.0;1071.0;10,710.00;;;;;;;
55065;CCAJ-LP02/74/2023;15/02/2023;15/02/2023;547,451.61;0.00;CONFIRMADO;RIBANA RUTH REA RUEDA;;distribuidora;[];Efectivo;LA PAZ;Bs;LA PAZ_55065_arceoCajaBs_dist.xlsx;distribuidora;200.0;74.0;14,800.00;;;;;;;
55065;CCAJ-LP02/74/2023;15/02/2023;15/02/2023;547,451.61;0.00;CONFIRMADO;RIBANA RUTH REA RUEDA;;distribuidora;[];Efectivo;LA PAZ;Bs;LA PAZ_55065_arceoCajaBs_dist.xlsx;distribuidora;100.0;407.0;40,700.00;;;;;;;
55065;CCAJ-LP02/74/2023;15/02/2023;15/02/2023;547,451.61;0.00;CONFIRMADO;RIBANA RUTH REA RUEDA;;distribuidora;[];Efectivo;LA PAZ;Bs;LA PAZ_55065_arceoCajaBs_dist.xlsx;distribuidora;50.0;275.0;13,750.00;;;;;;;
55065;CCAJ-LP02/74/2023;15/02/2023;15/02/2023;547,451.61;0.00;CONFIRMADO;RIBANA RUTH REA RUEDA;;distribuidora;[];Efectivo;LA PAZ;Bs;LA PAZ_55065_arceoCajaBs_dist.xlsx;distribuidora;20.0;257.0;5,140.00;;;;;;;
55065;CCAJ-LP02/74/2023;15/02/2023;15/02/2023;547,451.61;0.00;CONFIRMADO;RIBANA RUTH REA RUEDA;;distribuidora;[];Efectivo;LA PAZ;Bs;LA PAZ_55065_arceoCajaBs_dist.xlsx;distribuidora;10.0;449.0;4,490.00;;;;;;;
55066;CCAJ-LP01/73/23;15/02/2023;15/02/2023;2,935.00;1,000.00;CONFIRMADO;ABEL URBANO ALARCON ARROYO;;agencia;[];Efectivo;LA PAZ;Bs;LA PAZ_55066_arceoCajaBs_ag.xlsx;agencia;100.0;9.0;900.00;;;;;;;
55066;CCAJ-LP01/73/23;15/02/2023;15/02/2023;2,935.00;1,000.00;CONFIRMADO;ABEL URBANO ALARCON ARROYO;;agencia;[];Efectivo;LA PAZ;Bs;LA PAZ_55066_arceoCajaBs_ag.xlsx;agencia;50.0;20.0;1,000.00;;;;;;;
55066;CCAJ-LP01/73/23;15/02/2023;15/02/2023;2,935.00;1,000.00;CONFIRMADO;ABEL URBANO ALARCON ARROYO;;agencia;[];Efectivo;LA PAZ;Bs;LA PAZ_55066_arceoCajaBs_ag.xlsx;agencia;20.0;20.0;400.00;;;;;;;
55066;CCAJ-LP01/73/23;15/02/2023;15/02/2023;2,935.00;1,000.00;CONFIRMADO;ABEL URBANO ALARCON ARROYO;;agencia;[];Efectivo;LA PAZ;Bs;LA PAZ_55066_arceoCajaBs_ag.xlsx;agencia;10.0;53.0;530.00;;;;;;;
55067;CCAJ-LP08/37/23;15/02/2023;15/02/2023;6,980.14;1,000.00;CONFIRMADO;IBANA SOLIZ CUENTAS;;agencia;[];Efectivo;LA PAZ;Bs;LA PAZ_55067_arceoCajaBs_ag.xlsx;agencia;200.0;4.0;800.00;;;;;;;
55067;CCAJ-LP08/37/23;15/02/2023;15/02/2023;6,980.14;1,000.00;CONFIRMADO;IBANA SOLIZ CUENTAS;;agencia;[];Efectivo;LA PAZ;Bs;LA PAZ_55067_arceoCajaBs_ag.xlsx;agencia;100.0;32.0;3,200.00;;;;;;;
55067;CCAJ-LP08/37/23;15/02/2023;15/02/2023;6,980.14;1,000.00;CONFIRMADO;IBANA SOLIZ CUENTAS;;agencia;[];Efectivo;LA PAZ;Bs;LA PAZ_55067_arceoCajaBs_ag.xlsx;agencia;50.0;2.0;100.00;;;;;;;
55067;CCAJ-LP08/37/23;15/02/2023;15/02/2023;6,980.14;1,000.00;CONFIRMADO;IBANA SOLIZ CUENTAS;;agencia;[];Efectivo;LA PAZ;Bs;LA PAZ_55067_arceoCajaBs_ag.xlsx;agencia;20.0;3.0;60.00;;;;;;;
55067;CCAJ-LP08/37/23;15/02/2023;15/02/2023;6,980.14;1,000.00;CONFIRMADO;IBANA SOLIZ CUENTAS;;agencia;[];Efectivo;LA PAZ;Bs;LA PAZ_55067_arceoCajaBs_ag.xlsx;agencia;10.0;15.0;150.00;;;;;;;
55069;CCAJ-LP07/37/23;15/02/2023;15/02/2023;9,647.00;1,000.00;CONFIRMADO;JHONNY IGNACIO FLORES LOPEZ;;agencia;[];Efectivo;LA PAZ;Bs;LA PAZ_55069_arceoCajaBs_ag.xlsx;agencia;200.0;11.0;2,200.00;;;;;;;
55069;CCAJ-LP07/37/23;15/02/2023;15/02/2023;9,647.00;1,000.00;CONFIRMADO;JHONNY IGNACIO FLORES LOPEZ;;agencia;[];Efectivo;LA PAZ;Bs;LA PAZ_55069_arceoCajaBs_ag.xlsx;agencia;100.0;42.0;4,200.00;;;;;;;
55069;CCAJ-LP07/37/23;15/02/2023;15/02/2023;9,647.00;1,000.00;CONFIRMADO;JHONNY IGNACIO FLORES LOPEZ;;agencia;[];Efectivo;LA PAZ;Bs;LA PAZ_55069_arceoCajaBs_ag.xlsx;agencia;50.0;30.0;1,500.00;;;;;;;
55069;CCAJ-LP07/37/23;15/02/2023;15/02/2023;9,647.00;1,000.00;CONFIRMADO;JHONNY IGNACIO FLORES LOPEZ;;agencia;[];Efectivo;LA PAZ;Bs;LA PAZ_55069_arceoCajaBs_ag.xlsx;agencia;20.0;15.0;300.00;;;;;;;
55069;CCAJ-LP07/37/23;15/02/2023;15/02/2023;9,647.00;1,000.00;CONFIRMADO;JHONNY IGNACIO FLORES LOPEZ;;agencia;[];Efectivo;LA PAZ;Bs;LA PAZ_55069_arceoCajaBs_ag.xlsx;agencia;10.0;40.0;400.00;;;;;;;
55070;CCAJ-LP01/74/23;15/02/2023;15/02/2023;7,227.71;1,000.00;CONFIRMADO;JUAN CARLOS CAPCHA ORELLANA;;agencia;[];Efectivo;LA PAZ;Bs00;LA PAZ_55070_arceoCajaBs_ag.xlsx;agencia;200.0;5.0;1,000.00;;;;;;;
55070;CCAJ-LP01/74/23;15/02/2023;15/02/2023;7,227.71;1,000.00;CONFIRMADO;JUAN CARLOS CAPCHA ORELLANA;;agencia;[];Efectivo;LA PAZ;Bs00;LA PAZ_55070_arceoCajaBs_ag.xlsx;agencia;100.0;33.0;3,300.00;;;;;;;
55070;CCAJ-LP01/74/23;15/02/2023;15/02/2023;7,227.71;1,000.00;CONFIRMADO;JUAN CARLOS CAPCHA ORELLANA;;agencia;[];Efectivo;LA PAZ;Bs00;LA PAZ_55070_arceoCajaBs_ag.xlsx;agencia;50.0;21.0;1,050.00;;;;;;;
55070;CCAJ-LP01/74/23;15/02/2023;15/02/2023;7,227.71;1,000.00;CONFIRMADO;JUAN CARLOS CAPCHA ORELLANA;;agencia;[];Efectivo;LA PAZ;Bs00;LA PAZ_55070_arceoCajaBs_ag.xlsx;agencia;20.0;20.0;400.00;;;;;;;
55070;CCAJ-LP01/74/23;15/02/2023;15/02/2023;7,227.71;1,000.00;CONFIRMADO;JUAN CARLOS CAPCHA ORELLANA;;agencia;[];Efectivo;LA PAZ;Bs00;LA PAZ_55070_arceoCajaBs_ag.xlsx;agencia;10.0;51.0;510.00;;;;;;;
55051;CCAJ-SC39/74/2023;15/02/2023;15/02/2023;392,589.80;0.00;CONFIRMADO;EINAR CHOQUETIJLLA - COBRADOR;;distribuidora;[];Efectivo;SANTA CRUZ;Bs;SANTA CRUZ_55051_arceoCajaBs_dist.xlsx;distribuidora;200.0;161.0;32,200.00;;;;;;;
55051;CCAJ-SC39/74/2023;15/02/2023;15/02/2023;392,589.80;0.00;CONFIRMADO;EINAR CHOQUETIJLLA - COBRADOR;;distribuidora;[];Efectivo;SANTA CRUZ;Bs;SANTA CRUZ_55051_arceoCajaBs_dist.xlsx;distribuidora;100.0;1834.0;183,400.00;;;;;;;
55051;CCAJ-SC39/74/2023;15/02/2023;15/02/2023;392,589.80;0.00;CONFIRMADO;EINAR CHOQUETIJLLA - COBRADOR;;distribuidora;[];Efectivo;SANTA CRUZ;Bs;SANTA CRUZ_55051_arceoCajaBs_dist.xlsx;distribuidora;50.0;1317.0;65,850.00;;;;;;;
55051;CCAJ-SC39/74/2023;15/02/2023;15/02/2023;392,589.80;0.00;CONFIRMADO;EINAR CHOQUETIJLLA - COBRADOR;;distribuidora;[];Efectivo;SANTA CRUZ;Bs;SANTA CRUZ_55051_arceoCajaBs_dist.xlsx;distribuidora;20.0;2232.0;44,640.00;;;;;;;
55051;CCAJ-SC39/74/2023;15/02/2023;15/02/2023;392,589.80;0.00;CONFIRMADO;EINAR CHOQUETIJLLA - COBRADOR;;distribuidora;[];Efectivo;SANTA CRUZ;Bs;SANTA CRUZ_55051_arceoCajaBs_dist.xlsx;distribuidora;10.0;2084.0;20,840.00;;;;;;;
55051;CCAJ-SC39/74/2023;15/02/2023;15/02/2023;392,589.80;0.00;CONFIRMADO;EINAR CHOQUETIJLLA - COBRADOR;;distribuidora;[];Efectivo;SANTA CRUZ;d贸lar;SANTA CRUZ_55051_arceoCajaUs_dist.xlsx;distribuidora;100.0;1.0;100.00;;;;;;;
55068;CCAJ-SC57/37/23;15/02/2023;15/02/2023;1,309.30;1,000.00;CONFIRMADO;OSCAR ANDRES LEON ZAPATA;;agencia;[];Efectivo;SANTA CRUZ;Bs;SANTA CRUZ_55068_arceoCajaBs_ag.xlsx;agencia;50.0;1.0;50.00;;;;;;;
55068;CCAJ-SC57/37/23;15/02/2023;15/02/2023;1,309.30;1,000.00;CONFIRMADO;OSCAR ANDRES LEON ZAPATA;;agencia;[];Efectivo;SANTA CRUZ;Bs;SANTA CRUZ_55068_arceoCajaBs_ag.xlsx;agencia;20.0;19.0;380.00;;;;;;;
55068;CCAJ-SC57/37/23;15/02/2023;15/02/2023;1,309.30;1,000.00;CONFIRMADO;OSCAR ANDRES LEON ZAPATA;;agencia;[];Efectivo;SANTA CRUZ;Bs;SANTA CRUZ_55068_arceoCajaBs_ag.xlsx;agencia;10.0;45.0;450.00;;;;;;;
55071;CCAJ-SC59/37/23;15/02/2023;15/02/2023;4,843.04;1,000.00;CONFIRMADO;JUAN GILBERTO PARADA ROJAS;;agencia;[];Efectivo;SANTA CRUZ;Bs;SANTA CRUZ_55071_arceoCajaBs_ag.xlsx;agencia;200.0;12.0;2,400.00;;;;;;;
55071;CCAJ-SC59/37/23;15/02/2023;15/02/2023;4,843.04;1,000.00;CONFIRMADO;JUAN GILBERTO PARADA ROJAS;;agencia;[];Efectivo;SANTA CRUZ;Bs;SANTA CRUZ_55071_arceoCajaBs_ag.xlsx;agencia;100.0;13.0;1,300.00;;;;;;;
55071;CCAJ-SC59/37/23;15/02/2023;15/02/2023;4,843.04;1,000.00;CONFIRMADO;JUAN GILBERTO PARADA ROJAS;;agencia;[];Efectivo;SANTA CRUZ;Bs;SANTA CRUZ_55071_arceoCajaBs_ag.xlsx;agencia;50.0;11.0;550.00;;;;;;;
55071;CCAJ-SC59/37/23;15/02/2023;15/02/2023;4,843.04;1,000.00;CONFIRMADO;JUAN GILBERTO PARADA ROJAS;;agencia;[];Efectivo;SANTA CRUZ;Bs;SANTA CRUZ_55071_arceoCajaBs_ag.xlsx;agencia;10.0;30.0;300.00;;;;;;;
55075;CCAJ-SC65/37/23;15/02/2023;15/02/2023;2,476.57;1,000.00;CONFIRMADO;JOAQUIN CAMPERO SALAZAR;;agencia;[];Efectivo;SANTA CRUZ;Bs;SANTA CRUZ_55075_arceoCajaBs_ag.xlsx;agencia;200.0;2.0;400.00;;;;;;;
55075;CCAJ-SC65/37/23;15/02/2023;15/02/2023;2,476.57;1,000.00;CONFIRMADO;JOAQUIN CAMPERO SALAZAR;;agencia;[];Efectivo;SANTA CRUZ;Bs;SANTA CRUZ_55075_arceoCajaBs_ag.xlsx;agencia;100.0;7.0;700.00;;;;;;;
55075;CCAJ-SC65/37/23;15/02/2023;15/02/2023;2,476.57;1,000.00;CONFIRMADO;JOAQUIN CAMPERO SALAZAR;;agencia;[];Efectivo;SANTA CRUZ;Bs;SANTA CRUZ_55075_arceoCajaBs_ag.xlsx;agencia;50.0;6.0;300.00;;;;;;;
55075;CCAJ-SC65/37/23;15/02/2023;15/02/2023;2,476.57;1,000.00;CONFIRMADO;JOAQUIN CAMPERO SALAZAR;;agencia;[];Efectivo;SANTA CRUZ;Bs;SANTA CRUZ_55075_arceoCajaBs_ag.xlsx;agencia;20.0;12.0;240.00;;;;;;;
55075;CCAJ-SC65/37/23;15/02/2023;15/02/2023;2,476.57;1,000.00;CONFIRMADO;JOAQUIN CAMPERO SALAZAR;;agencia;[];Efectivo;SANTA CRUZ;Bs;SANTA CRUZ_55075_arceoCajaBs_ag.xlsx;agencia;10.0;21.0;210.00;;;;;;;
55078;CCAJ-SC39/75/2023;15/02/2023;15/02/2023;606,381.17;0.00;ANULADO;EINAR CHOQUETIJLLA - COBRADOR;;distribuidora;[];Efectivo;SANTA CRUZ;Bs;SANTA CRUZ_55078_arceoCajaBs_dist.xlsx;distribuidora;200.0;113.0;22,600.00;;;;;;;
55078;CCAJ-SC39/75/2023;15/02/2023;15/02/2023;606,381.17;0.00;ANULADO;EINAR CHOQUETIJLLA - COBRADOR;;distribuidora;[];Efectivo;SANTA CRUZ;Bs;SANTA CRUZ_55078_arceoCajaBs_dist.xlsx;distribuidora;100.0;1269.0;126,900.00;;;;;;;
55078;CCAJ-SC39/75/2023;15/02/2023;15/02/2023;606,381.17;0.00;ANULADO;EINAR CHOQUETIJLLA - COBRADOR;;distribuidora;[];Efectivo;SANTA CRUZ;Bs;SANTA CRUZ_55078_arceoCajaBs_dist.xlsx;distribuidora;50.0;794.0;39,700.00;;;;;;;
55078;CCAJ-SC39/75/2023;15/02/2023;15/02/2023;606,381.17;0.00;ANULADO;EINAR CHOQUETIJLLA - COBRADOR;;distribuidora;[];Efectivo;SANTA CRUZ;Bs;SANTA CRUZ_55078_arceoCajaBs_dist.xlsx;distribuidora;20.0;1491.0;29,820.00;;;;;;;
55078;CCAJ-SC39/75/2023;15/02/2023;15/02/2023;606,381.17;0.00;ANULADO;EINAR CHOQUETIJLLA - COBRADOR;;distribuidora;[];Efectivo;SANTA CRUZ;Bs;SANTA CRUZ_55078_arceoCajaBs_dist.xlsx;distribuidora;10.0;1255.0;12,550.00;;;;;;;
55078;CCAJ-SC39/75/2023;15/02/2023;15/02/2023;606,381.17;0.00;ANULADO;EINAR CHOQUETIJLLA - COBRADOR;;distribuidora;[];Efectivo;SANTA CRUZ;d贸lar;SANTA CRUZ_55078_arceoCajaUs_dist.xlsx;distribuidora;100.0;73.0;7,300.00;;;;;;;
55078;CCAJ-SC39/75/2023;15/02/2023;15/02/2023;606,381.17;0.00;ANULADO;EINAR CHOQUETIJLLA - COBRADOR;;distribuidora;[];Efectivo;SANTA CRUZ;d贸lar;SANTA CRUZ_55078_arceoCajaUs_dist.xlsx;distribuidora;20.0;4.0;80.00;;;;;;;
55054;CCAJ-TA43/37/2023;15/02/2023;15/02/2023;72,086.60;0.00;CONFIRMADO;NELVI JUANITA ROMERO CASTILLO;;distribuidora;[];Efectivo;TARIJA;Bs;TARIJA_55054_arceoCajaBs_dist.xlsx;distribuidora;200.0;28.0;5,600.00;;;;;;;
55054;CCAJ-TA43/37/2023;15/02/2023;15/02/2023;72,086.60;0.00;CONFIRMADO;NELVI JUANITA ROMERO CASTILLO;;distribuidora;[];Efectivo;TARIJA;Bs;TARIJA_55054_arceoCajaBs_dist.xlsx;distribuidora;100.0;297.0;29,700.00;;;;;;;
55054;CCAJ-TA43/37/2023;15/02/2023;15/02/2023;72,086.60;0.00;CONFIRMADO;NELVI JUANITA ROMERO CASTILLO;;distribuidora;[];Efectivo;TARIJA;Bs;TARIJA_55054_arceoCajaBs_dist.xlsx;distribuidora;50.0;220.0;11,000.00;;;;;;;
55054;CCAJ-TA43/37/2023;15/02/2023;15/02/2023;72,086.60;0.00;CONFIRMADO;NELVI JUANITA ROMERO CASTILLO;;distribuidora;[];Efectivo;TARIJA;Bs;TARIJA_55054_arceoCajaBs_dist.xlsx;distribuidora;20.0;737.0;14,740.00;;;;;;;
55054;CCAJ-TA43/37/2023;15/02/2023;15/02/2023;72,086.60;0.00;CONFIRMADO;NELVI JUANITA ROMERO CASTILLO;;distribuidora;[];Efectivo;TARIJA;Bs;TARIJA_55054_arceoCajaBs_dist.xlsx;distribuidora;10.0;659.0;6,590.00;;;;;;;
55060;CCAJ-TA06/37/23;15/02/2023;15/02/2023;6,623.47;1,000.00;CONFIRMADO;BELZA GUTIERREZ CONDORI;;agencia;[];Efectivo;TARIJA;Bs;TARIJA_55060_arceoCajaBs_ag.xlsx;agencia;100.0;18.0;1,800.00;;;;;;;
55060;CCAJ-TA06/37/23;15/02/2023;15/02/2023;6,623.47;1,000.00;CONFIRMADO;BELZA GUTIERREZ CONDORI;;agencia;[];Efectivo;TARIJA;Bs;TARIJA_55060_arceoCajaBs_ag.xlsx;agencia;50.0;22.0;1,100.00;;;;;;;
55060;CCAJ-TA06/37/23;15/02/2023;15/02/2023;6,623.47;1,000.00;CONFIRMADO;BELZA GUTIERREZ CONDORI;;agencia;[];Efectivo;TARIJA;Bs;TARIJA_55060_arceoCajaBs_ag.xlsx;agencia;20.0;32.0;640.00;;;;;;;
55060;CCAJ-TA06/37/23;15/02/2023;15/02/2023;6,623.47;1,000.00;CONFIRMADO;BELZA GUTIERREZ CONDORI;;agencia;[];Efectivo;TARIJA;Bs;TARIJA_55060_arceoCajaBs_ag.xlsx;agencia;10.0;36.0;360.00;;;;;;;
55058;CCAJ-TR47/37/2023;15/02/2023;15/02/2023;65,015.70;0.00;CONFIRMADO;DAVID ZABALA - CAJA;;distribuidora;[];Efectivo;BENI;Bs;BENI_55058_arceoCajaBs_dist.xlsx;distribuidora;;;60.00;5.0;12.0;;;;;
55058;CCAJ-TR47/37/2023;15/02/2023;15/02/2023;65,015.70;0.00;CONFIRMADO;DAVID ZABALA - CAJA;;distribuidora;[];Efectivo;BENI;Bs;BENI_55058_arceoCajaBs_dist.xlsx;distribuidora;;;40.00;2.0;20.0;;;;;
55058;CCAJ-TR47/37/2023;15/02/2023;15/02/2023;65,015.70;0.00;CONFIRMADO;DAVID ZABALA - CAJA;;distribuidora;[];Efectivo;BENI;Bs;BENI_55058_arceoCajaBs_dist.xlsx;distribuidora;;;18.00;1.0;18.0;;;;;
55058;CCAJ-TR47/37/2023;15/02/2023;15/02/2023;65,015.70;0.00;CONFIRMADO;DAVID ZABALA - CAJA;;distribuidora;[];Efectivo;BENI;Bs;BENI_55058_arceoCajaBs_dist.xlsx;distribuidora;;;3.00;0.5;6.0;;;;;
55058;CCAJ-TR47/37/2023;15/02/2023;15/02/2023;65,015.70;0.00;CONFIRMADO;DAVID ZABALA - CAJA;;distribuidora;[];Efectivo;BENI;Bs;BENI_55058_arceoCajaBs_dist.xlsx;distribuidora;;;1.60;0.2;8.0;;;;;
55058;CCAJ-TR47/37/2023;15/02/2023;15/02/2023;65,015.70;0.00;CONFIRMADO;DAVID ZABALA - CAJA;;distribuidora;[];Efectivo;BENI;Bs;BENI_55058_arceoCajaBs_dist.xlsx;distribuidora;;;0.10;0.1;1.0;;;;;
55063;CCAJ-TR50/37/23;15/02/2023;15/02/2023;2,029.40;1,000.00;CONFIRMADO;OSCAR LOAYZA SALVATIERRA;;agencia;[];Efectivo;BENI;Bs;BENI_55063_arceoCajaBs_ag.xlsx;agencia;;;255.00;5.0;51.0;;;;;
55063;CCAJ-TR50/37/23;15/02/2023;15/02/2023;2,029.40;1,000.00;CONFIRMADO;OSCAR LOAYZA SALVATIERRA;;agencia;[];Efectivo;BENI;Bs;BENI_55063_arceoCajaBs_ag.xlsx;agencia;;;116.00;2.0;58.0;;;;;
55063;CCAJ-TR50/37/23;15/02/2023;15/02/2023;2,029.40;1,000.00;CONFIRMADO;OSCAR LOAYZA SALVATIERRA;;agencia;[];Efectivo;BENI;Bs;BENI_55063_arceoCajaBs_ag.xlsx;agencia;;;70.00;1.0;70.0;;;;;
55063;CCAJ-TR50/37/23;15/02/2023;15/02/2023;2,029.40;1,000.00;CONFIRMADO;OSCAR LOAYZA SALVATIERRA;;agencia;[];Efectivo;BENI;Bs;BENI_55063_arceoCajaBs_ag.xlsx;agencia;;;45.00;0.5;90.0;;;;;
55063;CCAJ-TR50/37/23;15/02/2023;15/02/2023;2,029.40;1,000.00;CONFIRMADO;OSCAR LOAYZA SALVATIERRA;;agencia;[];Efectivo;BENI;Bs;BENI_55063_arceoCajaBs_ag.xlsx;agencia;;;3.20;0.2;16.0;;;;;
55063;CCAJ-TR50/37/23;15/02/2023;15/02/2023;2,029.40;1,000.00;CONFIRMADO;OSCAR LOAYZA SALVATIERRA;;agencia;[];Efectivo;BENI;Bs;BENI_55063_arceoCajaBs_ag.xlsx;agencia;;;0.20;0.1;2.0;;;;;
55052;CCAJ-LP02/73/2023;15/02/2023;15/02/2023;256,286.10;0.00;CONFIRMADO;RIBANA RUTH REA RUEDA;;distribuidora;[];Efectivo;LA PAZ;Bs;LA PAZ_55052_arceoCajaBs_dist.xlsx;distribuidora;;;580.00;5.0;116.0;;;;;
55052;CCAJ-LP02/73/2023;15/02/2023;15/02/2023;256,286.10;0.00;CONFIRMADO;RIBANA RUTH REA RUEDA;;distribuidora;[];Efectivo;LA PAZ;Bs;LA PAZ_55052_arceoCajaBs_dist.xlsx;distribuidora;;;190.00;2.0;95.0;;;;;
55052;CCAJ-LP02/73/2023;15/02/2023;15/02/2023;256,286.10;0.00;CONFIRMADO;RIBANA RUTH REA RUEDA;;distribuidora;[];Efectivo;LA PAZ;Bs;LA PAZ_55052_arceoCajaBs_dist.xlsx;distribuidora;;;426.00;1.0;426.0;;;;;
55052;CCAJ-LP02/73/2023;15/02/2023;15/02/2023;256,286.10;0.00;CONFIRMADO;RIBANA RUTH REA RUEDA;;distribuidora;[];Efectivo;LA PAZ;Bs;LA PAZ_55052_arceoCajaBs_dist.xlsx;distribuidora;;;90.00;0.5;180.0;;;;;
55052;CCAJ-LP02/73/2023;15/02/2023;15/02/2023;256,286.10;0.00;CONFIRMADO;RIBANA RUTH REA RUEDA;;distribuidora;[];Efectivo;LA PAZ;Bs;LA PAZ_55052_arceoCajaBs_dist.xlsx;distribuidora;;;47.60;0.2;238.0;;;;;
55052;CCAJ-LP02/73/2023;15/02/2023;15/02/2023;256,286.10;0.00;CONFIRMADO;RIBANA RUTH REA RUEDA;;distribuidora;[];Efectivo;LA PAZ;Bs;LA PAZ_55052_arceoCajaBs_dist.xlsx;distribuidora;;;12.50;0.1;125.0;;;;;
55065;CCAJ-LP02/74/2023;15/02/2023;15/02/2023;547,451.61;0.00;CONFIRMADO;RIBANA RUTH REA RUEDA;;distribuidora;[];Efectivo;LA PAZ;Bs;LA PAZ_55065_arceoCajaBs_dist.xlsx;distribuidora;;;0;5.0;;;;;;
55065;CCAJ-LP02/74/2023;15/02/2023;15/02/2023;547,451.61;0.00;CONFIRMADO;RIBANA RUTH REA RUEDA;;distribuidora;[];Efectivo;LA PAZ;Bs;LA PAZ_55065_arceoCajaBs_dist.xlsx;distribuidora;;;0;2.0;;;;;;
55065;CCAJ-LP02/74/2023;15/02/2023;15/02/2023;547,451.61;0.00;CONFIRMADO;RIBANA RUTH REA RUEDA;;distribuidora;[];Efectivo;LA PAZ;Bs;LA PAZ_55065_arceoCajaBs_dist.xlsx;distribuidora;;;3.00;1.0;3.0;;;;;
55065;CCAJ-LP02/74/2023;15/02/2023;15/02/2023;547,451.61;0.00;CONFIRMADO;RIBANA RUTH REA RUEDA;;distribuidora;[];Efectivo;LA PAZ;Bs;LA PAZ_55065_arceoCajaBs_dist.xlsx;distribuidora;;;0;0.5;;;;;;
55065;CCAJ-LP02/74/2023;15/02/2023;15/02/2023;547,451.61;0.00;CONFIRMADO;RIBANA RUTH REA RUEDA;;distribuidora;[];Efectivo;LA PAZ;Bs;LA PAZ_55065_arceoCajaBs_dist.xlsx;distribuidora;;;0;0.2;;;;;;
55065;CCAJ-LP02/74/2023;15/02/2023;15/02/2023;547,451.61;0.00;CONFIRMADO;RIBANA RUTH REA RUEDA;;distribuidora;[];Efectivo;LA PAZ;Bs;LA PAZ_55065_arceoCajaBs_dist.xlsx;distribuidora;;;0.70;0.1;7.0;;;;;
55066;CCAJ-LP01/73/23;15/02/2023;15/02/2023;2,935.00;1,000.00;CONFIRMADO;ABEL URBANO ALARCON ARROYO;;agencia;[];Efectivo;LA PAZ;Bs;LA PAZ_55066_arceoCajaBs_ag.xlsx;agencia;;;70.00;5.0;14.0;;;;;
55066;CCAJ-LP01/73/23;15/02/2023;15/02/2023;2,935.00;1,000.00;CONFIRMADO;ABEL URBANO ALARCON ARROYO;;agencia;[];Efectivo;LA PAZ;Bs;LA PAZ_55066_arceoCajaBs_ag.xlsx;agencia;;;16.00;2.0;8.0;;;;;
55066;CCAJ-LP01/73/23;15/02/2023;15/02/2023;2,935.00;1,000.00;CONFIRMADO;ABEL URBANO ALARCON ARROYO;;agencia;[];Efectivo;LA PAZ;Bs;LA PAZ_55066_arceoCajaBs_ag.xlsx;agencia;;;8.00;1.0;8.0;;;;;
55066;CCAJ-LP01/73/23;15/02/2023;15/02/2023;2,935.00;1,000.00;CONFIRMADO;ABEL URBANO ALARCON ARROYO;;agencia;[];Efectivo;LA PAZ;Bs;LA PAZ_55066_arceoCajaBs_ag.xlsx;agencia;;;9.00;0.5;18.0;;;;;
55066;CCAJ-LP01/73/23;15/02/2023;15/02/2023;2,935.00;1,000.00;CONFIRMADO;ABEL URBANO ALARCON ARROYO;;agencia;[];Efectivo;LA PAZ;Bs;LA PAZ_55066_arceoCajaBs_ag.xlsx;agencia;;;1.60;0.2;8.0;;;;;
55066;CCAJ-LP01/73/23;15/02/2023;15/02/2023;2,935.00;1,000.00;CONFIRMADO;ABEL URBANO ALARCON ARROYO;;agencia;[];Efectivo;LA PAZ;Bs;LA PAZ_55066_arceoCajaBs_ag.xlsx;agencia;;;0.40;0.1;4.0;;;;;
55067;CCAJ-LP08/37/23;15/02/2023;15/02/2023;6,980.14;1,000.00;CONFIRMADO;IBANA SOLIZ CUENTAS;;agencia;[];Efectivo;LA PAZ;Bs;LA PAZ_55067_arceoCajaBs_ag.xlsx;agencia;;;450.00;5.0;90.0;;;;;
55067;CCAJ-LP08/37/23;15/02/2023;15/02/2023;6,980.14;1,000.00;CONFIRMADO;IBANA SOLIZ CUENTAS;;agencia;[];Efectivo;LA PAZ;Bs;LA PAZ_55067_arceoCajaBs_ag.xlsx;agencia;;;216.00;2.0;108.0;;;;;
55067;CCAJ-LP08/37/23;15/02/2023;15/02/2023;6,980.14;1,000.00;CONFIRMADO;IBANA SOLIZ CUENTAS;;agencia;[];Efectivo;LA PAZ;Bs;LA PAZ_55067_arceoCajaBs_ag.xlsx;agencia;;;103.00;1.0;103.0;;;;;
55067;CCAJ-LP08/37/23;15/02/2023;15/02/2023;6,980.14;1,000.00;CONFIRMADO;IBANA SOLIZ CUENTAS;;agencia;[];Efectivo;LA PAZ;Bs;LA PAZ_55067_arceoCajaBs_ag.xlsx;agencia;;;31.00;0.5;62.0;;;;;
55067;CCAJ-LP08/37/23;15/02/2023;15/02/2023;6,980.14;1,000.00;CONFIRMADO;IBANA SOLIZ CUENTAS;;agencia;[];Efectivo;LA PAZ;Bs;LA PAZ_55067_arceoCajaBs_ag.xlsx;agencia;;;10.00;0.2;50.0;;;;;
55067;CCAJ-LP08/37/23;15/02/2023;15/02/2023;6,980.14;1,000.00;CONFIRMADO;IBANA SOLIZ CUENTAS;;agencia;[];Efectivo;LA PAZ;Bs;LA PAZ_55067_arceoCajaBs_ag.xlsx;agencia;;;7.30;0.1;73.0;;;;;
55069;CCAJ-LP07/37/23;15/02/2023;15/02/2023;9,647.00;1,000.00;CONFIRMADO;JHONNY IGNACIO FLORES LOPEZ;;agencia;[];Efectivo;LA PAZ;Bs;LA PAZ_55069_arceoCajaBs_ag.xlsx;agencia;;;655.00;5.0;131.0;;;;;
55069;CCAJ-LP07/37/23;15/02/2023;15/02/2023;9,647.00;1,000.00;CONFIRMADO;JHONNY IGNACIO FLORES LOPEZ;;agencia;[];Efectivo;LA PAZ;Bs;LA PAZ_55069_arceoCajaBs_ag.xlsx;agencia;;;114.00;2.0;57.0;;;;;
55069;CCAJ-LP07/37/23;15/02/2023;15/02/2023;9,647.00;1,000.00;CONFIRMADO;JHONNY IGNACIO FLORES LOPEZ;;agencia;[];Efectivo;LA PAZ;Bs;LA PAZ_55069_arceoCajaBs_ag.xlsx;agencia;;;166.00;1.0;166.0;;;;;
55069;CCAJ-LP07/37/23;15/02/2023;15/02/2023;9,647.00;1,000.00;CONFIRMADO;JHONNY IGNACIO FLORES LOPEZ;;agencia;[];Efectivo;LA PAZ;Bs;LA PAZ_55069_arceoCajaBs_ag.xlsx;agencia;;;73.00;0.5;146.0;;;;;
55069;CCAJ-LP07/37/23;15/02/2023;15/02/2023;9,647.00;1,000.00;CONFIRMADO;JHONNY IGNACIO FLORES LOPEZ;;agencia;[];Efectivo;LA PAZ;Bs;LA PAZ_55069_arceoCajaBs_ag.xlsx;agencia;;;26.20;0.2;131.0;;;;;
55069;CCAJ-LP07/37/23;15/02/2023;15/02/2023;9,647.00;1,000.00;CONFIRMADO;JHONNY IGNACIO FLORES LOPEZ;;agencia;[];Efectivo;LA PAZ;Bs;LA PAZ_55069_arceoCajaBs_ag.xlsx;agencia;;;12.80;0.1;128.0;;;;;
55070;CCAJ-LP01/74/23;15/02/2023;15/02/2023;7,227.71;1,000.00;CONFIRMADO;JUAN CARLOS CAPCHA ORELLANA;;agencia;[];Efectivo;LA PAZ;Bs00;LA PAZ_55070_arceoCajaBs_ag.xlsx;agencia;;;480.00;5.0;96.0;;;;;
55070;CCAJ-LP01/74/23;15/02/2023;15/02/2023;7,227.71;1,000.00;CONFIRMADO;JUAN CARLOS CAPCHA ORELLANA;;agencia;[];Efectivo;LA PAZ;Bs00;LA PAZ_55070_arceoCajaBs_ag.xlsx;agencia;;;112.00;2.0;56.0;;;;;
55070;CCAJ-LP01/74/23;15/02/2023;15/02/2023;7,227.71;1,000.00;CONFIRMADO;JUAN CARLOS CAPCHA ORELLANA;;agencia;[];Efectivo;LA PAZ;Bs00;LA PAZ_55070_arceoCajaBs_ag.xlsx;agencia;;;79.00;1.0;79.0;;;;;
55070;CCAJ-LP01/74/23;15/02/2023;15/02/2023;7,227.71;1,000.00;CONFIRMADO;JUAN CARLOS CAPCHA ORELLANA;;agencia;[];Efectivo;LA PAZ;Bs00;LA PAZ_55070_arceoCajaBs_ag.xlsx;agencia;;;38.00;0.5;76.0;;;;;
55070;CCAJ-LP01/74/23;15/02/2023;15/02/2023;7,227.71;1,000.00;CONFIRMADO;JUAN CARLOS CAPCHA ORELLANA;;agencia;[];Efectivo;LA PAZ;Bs00;LA PAZ_55070_arceoCajaBs_ag.xlsx;agencia;;;22.20;0.2;111.0;;;;;
55070;CCAJ-LP01/74/23;15/02/2023;15/02/2023;7,227.71;1,000.00;CONFIRMADO;JUAN CARLOS CAPCHA ORELLANA;;agencia;[];Efectivo;LA PAZ;Bs00;LA PAZ_55070_arceoCajaBs_ag.xlsx;agencia;;;5.20;0.1;52.0;;;;;
55051;CCAJ-SC39/74/2023;15/02/2023;15/02/2023;392,589.80;0.00;CONFIRMADO;EINAR CHOQUETIJLLA - COBRADOR;;distribuidora;[];Efectivo;SANTA CRUZ;Bs;SANTA CRUZ_55051_arceoCajaBs_dist.xlsx;distribuidora;;;725.00;5.0;145.0;;;;;
55051;CCAJ-SC39/74/2023;15/02/2023;15/02/2023;392,589.80;0.00;CONFIRMADO;EINAR CHOQUETIJLLA - COBRADOR;;distribuidora;[];Efectivo;SANTA CRUZ;Bs;SANTA CRUZ_55051_arceoCajaBs_dist.xlsx;distribuidora;;;216.00;2.0;108.0;;;;;
55051;CCAJ-SC39/74/2023;15/02/2023;15/02/2023;392,589.80;0.00;CONFIRMADO;EINAR CHOQUETIJLLA - COBRADOR;;distribuidora;[];Efectivo;SANTA CRUZ;Bs;SANTA CRUZ_55051_arceoCajaBs_dist.xlsx;distribuidora;;;190.00;1.0;190.0;;;;;
55051;CCAJ-SC39/74/2023;15/02/2023;15/02/2023;392,589.80;0.00;CONFIRMADO;EINAR CHOQUETIJLLA - COBRADOR;;distribuidora;[];Efectivo;SANTA CRUZ;Bs;SANTA CRUZ_55051_arceoCajaBs_dist.xlsx;distribuidora;;;100.50;0.5;201.0;;;;;
55051;CCAJ-SC39/74/2023;15/02/2023;15/02/2023;392,589.80;0.00;CONFIRMADO;EINAR CHOQUETIJLLA - COBRADOR;;distribuidora;[];Efectivo;SANTA CRUZ;Bs;SANTA CRUZ_55051_arceoCajaBs_dist.xlsx;distribuidora;;;22.60;0.2;113.0;;;;;
55051;CCAJ-SC39/74/2023;15/02/2023;15/02/2023;392,589.80;0.00;CONFIRMADO;EINAR CHOQUETIJLLA - COBRADOR;;distribuidora;[];Efectivo;SANTA CRUZ;Bs;SANTA CRUZ_55051_arceoCajaBs_dist.xlsx;distribuidora;;;1.10;0.1;11.0;;;;;
55068;CCAJ-SC57/37/23;15/02/2023;15/02/2023;1,309.30;1,000.00;CONFIRMADO;OSCAR ANDRES LEON ZAPATA;;agencia;[];Efectivo;SANTA CRUZ;Bs;SANTA CRUZ_55068_arceoCajaBs_ag.xlsx;agencia;;;245.00;5.0;49.0;;;;;
55068;CCAJ-SC57/37/23;15/02/2023;15/02/2023;1,309.30;1,000.00;CONFIRMADO;OSCAR ANDRES LEON ZAPATA;;agencia;[];Efectivo;SANTA CRUZ;Bs;SANTA CRUZ_55068_arceoCajaBs_ag.xlsx;agencia;;;10.00;2.0;5.0;;;;;
55068;CCAJ-SC57/37/23;15/02/2023;15/02/2023;1,309.30;1,000.00;CONFIRMADO;OSCAR ANDRES LEON ZAPATA;;agencia;[];Efectivo;SANTA CRUZ;Bs;SANTA CRUZ_55068_arceoCajaBs_ag.xlsx;agencia;;;109.00;1.0;109.0;;;;;
55068;CCAJ-SC57/37/23;15/02/2023;15/02/2023;1,309.30;1,000.00;CONFIRMADO;OSCAR ANDRES LEON ZAPATA;;agencia;[];Efectivo;SANTA CRUZ;Bs;SANTA CRUZ_55068_arceoCajaBs_ag.xlsx;agencia;;;64.50;0.5;129.0;;;;;
55068;CCAJ-SC57/37/23;15/02/2023;15/02/2023;1,309.30;1,000.00;CONFIRMADO;OSCAR ANDRES LEON ZAPATA;;agencia;[];Efectivo;SANTA CRUZ;Bs;SANTA CRUZ_55068_arceoCajaBs_ag.xlsx;agencia;;;0.60;0.2;3.0;;;;;
55068;CCAJ-SC57/37/23;15/02/2023;15/02/2023;1,309.30;1,000.00;CONFIRMADO;OSCAR ANDRES LEON ZAPATA;;agencia;[];Efectivo;SANTA CRUZ;Bs;SANTA CRUZ_55068_arceoCajaBs_ag.xlsx;agencia;;;0.20;0.1;2.0;;;;;
55071;CCAJ-SC59/37/23;15/02/2023;15/02/2023;4,843.04;1,000.00;CONFIRMADO;JUAN GILBERTO PARADA ROJAS;;agencia;[];Efectivo;SANTA CRUZ;Bs;SANTA CRUZ_55071_arceoCajaBs_ag.xlsx;agencia;;;100.00;5.0;20.0;;;;;
55071;CCAJ-SC59/37/23;15/02/2023;15/02/2023;4,843.04;1,000.00;CONFIRMADO;JUAN GILBERTO PARADA ROJAS;;agencia;[];Efectivo;SANTA CRUZ;Bs;SANTA CRUZ_55071_arceoCajaBs_ag.xlsx;agencia;;;12.00;2.0;6.0;;;;;
55071;CCAJ-SC59/37/23;15/02/2023;15/02/2023;4,843.04;1,000.00;CONFIRMADO;JUAN GILBERTO PARADA ROJAS;;agencia;[];Efectivo;SANTA CRUZ;Bs;SANTA CRUZ_55071_arceoCajaBs_ag.xlsx;agencia;;;101.00;1.0;101.0;;;;;
55071;CCAJ-SC59/37/23;15/02/2023;15/02/2023;4,843.04;1,000.00;CONFIRMADO;JUAN GILBERTO PARADA ROJAS;;agencia;[];Efectivo;SANTA CRUZ;Bs;SANTA CRUZ_55071_arceoCajaBs_ag.xlsx;agencia;;;5.50;0.5;11.0;;;;;
55071;CCAJ-SC59/37/23;15/02/2023;15/02/2023;4,843.04;1,000.00;CONFIRMADO;JUAN GILBERTO PARADA ROJAS;;agencia;[];Efectivo;SANTA CRUZ;Bs;SANTA CRUZ_55071_arceoCajaBs_ag.xlsx;agencia;;;0;0.2;;;;;;
55071;CCAJ-SC59/37/23;15/02/2023;15/02/2023;4,843.04;1,000.00;CONFIRMADO;JUAN GILBERTO PARADA ROJAS;;agencia;[];Efectivo;SANTA CRUZ;Bs;SANTA CRUZ_55071_arceoCajaBs_ag.xlsx;agencia;;;0;0.1;;;;;;
55075;CCAJ-SC65/37/23;15/02/2023;15/02/2023;2,476.57;1,000.00;CONFIRMADO;JOAQUIN CAMPERO SALAZAR;;agencia;[];Efectivo;SANTA CRUZ;Bs;SANTA CRUZ_55075_arceoCajaBs_ag.xlsx;agencia;;;15.00;5.0;3.0;;;;;
55075;CCAJ-SC65/37/23;15/02/2023;15/02/2023;2,476.57;1,000.00;CONFIRMADO;JOAQUIN CAMPERO SALAZAR;;agencia;[];Efectivo;SANTA CRUZ;Bs;SANTA CRUZ_55075_arceoCajaBs_ag.xlsx;agencia;;;18.00;2.0;9.0;;;;;
55075;CCAJ-SC65/37/23;15/02/2023;15/02/2023;2,476.57;1,000.00;CONFIRMADO;JOAQUIN CAMPERO SALAZAR;;agencia;[];Efectivo;SANTA CRUZ;Bs;SANTA CRUZ_55075_arceoCajaBs_ag.xlsx;agencia;;;22.00;1.0;22.0;;;;;
55075;CCAJ-SC65/37/23;15/02/2023;15/02/2023;2,476.57;1,000.00;CONFIRMADO;JOAQUIN CAMPERO SALAZAR;;agencia;[];Efectivo;SANTA CRUZ;Bs;SANTA CRUZ_55075_arceoCajaBs_ag.xlsx;agencia;;;10.00;0.5;20.0;;;;;
55075;CCAJ-SC65/37/23;15/02/2023;15/02/2023;2,476.57;1,000.00;CONFIRMADO;JOAQUIN CAMPERO SALAZAR;;agencia;[];Efectivo;SANTA CRUZ;Bs;SANTA CRUZ_55075_arceoCajaBs_ag.xlsx;agencia;;;0.60;0.2;3.0;;;;;
55075;CCAJ-SC65/37/23;15/02/2023;15/02/2023;2,476.57;1,000.00;CONFIRMADO;JOAQUIN CAMPERO SALAZAR;;agencia;[];Efectivo;SANTA CRUZ;Bs;SANTA CRUZ_55075_arceoCajaBs_ag.xlsx;agencia;;;0.20;0.1;2.0;;;;;
55078;CCAJ-SC39/75/2023;15/02/2023;15/02/2023;606,381.17;0.00;ANULADO;EINAR CHOQUETIJLLA - COBRADOR;;distribuidora;[];Efectivo;SANTA CRUZ;Bs;SANTA CRUZ_55078_arceoCajaBs_dist.xlsx;distribuidora;;;530.00;5.0;106.0;;;;;
55078;CCAJ-SC39/75/2023;15/02/2023;15/02/2023;606,381.17;0.00;ANULADO;EINAR CHOQUETIJLLA - COBRADOR;;distribuidora;[];Efectivo;SANTA CRUZ;Bs;SANTA CRUZ_55078_arceoCajaBs_dist.xlsx;distribuidora;;;194.00;2.0;97.0;;;;;
55078;CCAJ-SC39/75/2023;15/02/2023;15/02/2023;606,381.17;0.00;ANULADO;EINAR CHOQUETIJLLA - COBRADOR;;distribuidora;[];Efectivo;SANTA CRUZ;Bs;SANTA CRUZ_55078_arceoCajaBs_dist.xlsx;distribuidora;;;201.00;1.0;201.0;;;;;
55078;CCAJ-SC39/75/2023;15/02/2023;15/02/2023;606,381.17;0.00;ANULADO;EINAR CHOQUETIJLLA - COBRADOR;;distribuidora;[];Efectivo;SANTA CRUZ;Bs;SANTA CRUZ_55078_arceoCajaBs_dist.xlsx;distribuidora;;;282.50;0.5;565.0;;;;;
55078;CCAJ-SC39/75/2023;15/02/2023;15/02/2023;606,381.17;0.00;ANULADO;EINAR CHOQUETIJLLA - COBRADOR;;distribuidora;[];Efectivo;SANTA CRUZ;Bs;SANTA CRUZ_55078_arceoCajaBs_dist.xlsx;distribuidora;;;19.00;0.2;95.0;;;;;
55078;CCAJ-SC39/75/2023;15/02/2023;15/02/2023;606,381.17;0.00;ANULADO;EINAR CHOQUETIJLLA - COBRADOR;;distribuidora;[];Efectivo;SANTA CRUZ;Bs;SANTA CRUZ_55078_arceoCajaBs_dist.xlsx;distribuidora;;;1.60;0.1;16.0;;;;;
55054;CCAJ-TA43/37/2023;15/02/2023;15/02/2023;72,086.60;0.00;CONFIRMADO;NELVI JUANITA ROMERO CASTILLO;;distribuidora;[];Efectivo;TARIJA;Bs;TARIJA_55054_arceoCajaBs_dist.xlsx;distribuidora;;;480.00;5.0;96.0;;;;;
55054;CCAJ-TA43/37/2023;15/02/2023;15/02/2023;72,086.60;0.00;CONFIRMADO;NELVI JUANITA ROMERO CASTILLO;;distribuidora;[];Efectivo;TARIJA;Bs;TARIJA_55054_arceoCajaBs_dist.xlsx;distribuidora;;;528.00;2.0;264.0;;;;;
55054;CCAJ-TA43/37/2023;15/02/2023;15/02/2023;72,086.60;0.00;CONFIRMADO;NELVI JUANITA ROMERO CASTILLO;;distribuidora;[];Efectivo;TARIJA;Bs;TARIJA_55054_arceoCajaBs_dist.xlsx;distribuidora;;;359.00;1.0;359.0;;;;;
55054;CCAJ-TA43/37/2023;15/02/2023;15/02/2023;72,086.60;0.00;CONFIRMADO;NELVI JUANITA ROMERO CASTILLO;;distribuidora;[];Efectivo;TARIJA;Bs;TARIJA_55054_arceoCajaBs_dist.xlsx;distribuidora;;;99.50;0.5;199.0;;;;;
55054;CCAJ-TA43/37/2023;15/02/2023;15/02/2023;72,086.60;0.00;CONFIRMADO;NELVI JUANITA ROMERO CASTILLO;;distribuidora;[];Efectivo;TARIJA;Bs;TARIJA_55054_arceoCajaBs_dist.xlsx;distribuidora;;;9.20;0.2;46.0;;;;;
55054;CCAJ-TA43/37/2023;15/02/2023;15/02/2023;72,086.60;0.00;CONFIRMADO;NELVI JUANITA ROMERO CASTILLO;;distribuidora;[];Efectivo;TARIJA;Bs;TARIJA_55054_arceoCajaBs_dist.xlsx;distribuidora;;;0.90;0.1;9.0;;;;;
55060;CCAJ-TA06/37/23;15/02/2023;15/02/2023;6,623.47;1,000.00;CONFIRMADO;BELZA GUTIERREZ CONDORI;;agencia;[];Efectivo;TARIJA;Bs;TARIJA_55060_arceoCajaBs_ag.xlsx;agencia;;;540.00;5.0;108.0;;;;;
55060;CCAJ-TA06/37/23;15/02/2023;15/02/2023;6,623.47;1,000.00;CONFIRMADO;BELZA GUTIERREZ CONDORI;;agencia;[];Efectivo;TARIJA;Bs;TARIJA_55060_arceoCajaBs_ag.xlsx;agencia;;;402.00;2.0;201.0;;;;;
55060;CCAJ-TA06/37/23;15/02/2023;15/02/2023;6,623.47;1,000.00;CONFIRMADO;BELZA GUTIERREZ CONDORI;;agencia;[];Efectivo;TARIJA;Bs;TARIJA_55060_arceoCajaBs_ag.xlsx;agencia;;;653.00;1.0;653.0;;;;;
55060;CCAJ-TA06/37/23;15/02/2023;15/02/2023;6,623.47;1,000.00;CONFIRMADO;BELZA GUTIERREZ CONDORI;;agencia;[];Efectivo;TARIJA;Bs;TARIJA_55060_arceoCajaBs_ag.xlsx;agencia;;;178.00;0.5;356.0;;;;;
55060;CCAJ-TA06/37/23;15/02/2023;15/02/2023;6,623.47;1,000.00;CONFIRMADO;BELZA GUTIERREZ CONDORI;;agencia;[];Efectivo;TARIJA;Bs;TARIJA_55060_arceoCajaBs_ag.xlsx;agencia;;;15.60;0.2;78.0;;;;;
55060;CCAJ-TA06/37/23;15/02/2023;15/02/2023;6,623.47;1,000.00;CONFIRMADO;BELZA GUTIERREZ CONDORI;;agencia;[];Efectivo;TARIJA;Bs;TARIJA_55060_arceoCajaBs_ag.xlsx;agencia;;;22.90;0.1;229.0;;;;;
55058;CCAJ-TR47/37/2023;15/02/2023;15/02/2023;65,015.70;0.0;CONFIRMADO;DAVID ZABALA - CAJA;;distribuidora;[];Transferencia Bancaria;BENI;Bs;BENI_55058_arceoCajaBs_dist.xlsx;distribuidora;;;783.0;;;15/02/2023;45113335865.0;;;
55065;CCAJ-LP02/74/2023;15/02/2023;15/02/2023;547,451.61;0.0;CONFIRMADO;RIBANA RUTH REA RUEDA;;distribuidora;[];Transferencia Bancaria;LA PAZ;Bs;LA PAZ_55065_arceoCajaBs_dist.xlsx;distribuidora;;;263.2;;;15/02/2023;45153175087.0;;;
55065;CCAJ-LP02/74/2023;15/02/2023;15/02/2023;547,451.61;0.0;CONFIRMADO;RIBANA RUTH REA RUEDA;;distribuidora;[];Transferencia Bancaria;LA PAZ;Bs;LA PAZ_55065_arceoCajaBs_dist.xlsx;distribuidora;;;3429.3;;;15/02/2023;451531750871.0;;;
55065;CCAJ-LP02/74/2023;15/02/2023;15/02/2023;547,451.61;0.0;CONFIRMADO;RIBANA RUTH REA RUEDA;;distribuidora;[];Transferencia Bancaria;LA PAZ;Bs;LA PAZ_55065_arceoCajaBs_dist.xlsx;distribuidora;;;3018.0;;;15/02/2023;451531750872.0;;;
55065;CCAJ-LP02/74/2023;15/02/2023;15/02/2023;547,451.61;0.0;CONFIRMADO;RIBANA RUTH REA RUEDA;;distribuidora;[];Transferencia Bancaria;LA PAZ;Bs;LA PAZ_55065_arceoCajaBs_dist.xlsx;distribuidora;;;2085.6;;;15/02/2023;451531750873.0;;;
55065;CCAJ-LP02/74/2023;15/02/2023;15/02/2023;547,451.61;0.0;CONFIRMADO;RIBANA RUTH REA RUEDA;;distribuidora;[];Transferencia Bancaria;LA PAZ;Bs;LA PAZ_55065_arceoCajaBs_dist.xlsx;distribuidora;;;4943.0;;;15/02/2023;451531750874.0;;;
55065;CCAJ-LP02/74/2023;15/02/2023;15/02/2023;547,451.61;0.0;CONFIRMADO;RIBANA RUTH REA RUEDA;;distribuidora;[];Transferencia Bancaria;LA PAZ;Bs;LA PAZ_55065_arceoCajaBs_dist.xlsx;distribuidora;;;2716.8;;;15/02/2023;451531750875.0;;;
55065;CCAJ-LP02/74/2023;15/02/2023;15/02/2023;547,451.61;0.0;CONFIRMADO;RIBANA RUTH REA RUEDA;;distribuidora;[];Transferencia Bancaria;LA PAZ;Bs;LA PAZ_55065_arceoCajaBs_dist.xlsx;distribuidora;;;2132.8;;;15/02/2023;451531750876.0;;;
55065;CCAJ-LP02/74/2023;15/02/2023;15/02/2023;547,451.61;0.0;CONFIRMADO;RIBANA RUTH REA RUEDA;;distribuidora;[];Transferencia Bancaria;LA PAZ;Bs;LA PAZ_55065_arceoCajaBs_dist.xlsx;distribuidora;;;4746.6;;;15/02/2023;451531750877.0;;;
55065;CCAJ-LP02/74/2023;15/02/2023;15/02/2023;547,451.61;0.0;CONFIRMADO;RIBANA RUTH REA RUEDA;;distribuidora;[];Transferencia Bancaria;LA PAZ;Bs;LA PAZ_55065_arceoCajaBs_dist.xlsx;distribuidora;;;10830.41;;;15/02/2023;45173241740.0;;;
55065;CCAJ-LP02/74/2023;15/02/2023;15/02/2023;547,451.61;0.0;CONFIRMADO;RIBANA RUTH REA RUEDA;;distribuidora;[];Transferencia Bancaria;LA PAZ;Bs;LA PAZ_55065_arceoCajaBs_dist.xlsx;distribuidora;;;67075.55;;;15/02/2023;451732417401.0;;;
55065;CCAJ-LP02/74/2023;15/02/2023;15/02/2023;547,451.61;0.0;CONFIRMADO;RIBANA RUTH REA RUEDA;;distribuidora;[];Transferencia Bancaria;LA PAZ;Bs;LA PAZ_55065_arceoCajaBs_dist.xlsx;distribuidora;;;470.0;;;15/02/2023;451732417402.0;;;
55065;CCAJ-LP02/74/2023;15/02/2023;15/02/2023;547,451.61;0.0;CONFIRMADO;RIBANA RUTH REA RUEDA;;distribuidora;[];Transferencia Bancaria;LA PAZ;Bs;LA PAZ_55065_arceoCajaBs_dist.xlsx;distribuidora;;;45717.59;;;15/02/2023;451732417403.0;;;
55065;CCAJ-LP02/74/2023;15/02/2023;15/02/2023;547,451.61;0.0;CONFIRMADO;RIBANA RUTH REA RUEDA;;distribuidora;[];Transferencia Bancaria;LA PAZ;Bs;LA PAZ_55065_arceoCajaBs_dist.xlsx;distribuidora;;;34921.78;;;15/02/2023;451732417404.0;;;
55065;CCAJ-LP02/74/2023;15/02/2023;15/02/2023;547,451.61;0.0;CONFIRMADO;RIBANA RUTH REA RUEDA;;distribuidora;[];Transferencia Bancaria;LA PAZ;Bs;LA PAZ_55065_arceoCajaBs_dist.xlsx;distribuidora;;;34879.76;;;15/02/2023;451732417405.0;;;
55065;CCAJ-LP02/74/2023;15/02/2023;15/02/2023;547,451.61;0.0;CONFIRMADO;RIBANA RUTH REA RUEDA;;distribuidora;[];Transferencia Bancaria;LA PAZ;Bs;LA PAZ_55065_arceoCajaBs_dist.xlsx;distribuidora;;;43363.3;;;15/02/2023;451732417406.0;;;
55065;CCAJ-LP02/74/2023;15/02/2023;15/02/2023;547,451.61;0.0;CONFIRMADO;RIBANA RUTH REA RUEDA;;distribuidora;[];Transferencia Bancaria;LA PAZ;Bs;LA PAZ_55065_arceoCajaBs_dist.xlsx;distribuidora;;;43876.89;;;15/02/2023;451732417407.0;;;
55065;CCAJ-LP02/74/2023;15/02/2023;15/02/2023;547,451.61;0.0;CONFIRMADO;RIBANA RUTH REA RUEDA;;distribuidora;[];Transferencia Bancaria;LA PAZ;Bs;LA PAZ_55065_arceoCajaBs_dist.xlsx;distribuidora;;;59201.76;;;15/02/2023;451732417408.0;;;
55065;CCAJ-LP02/74/2023;15/02/2023;15/02/2023;547,451.61;0.0;CONFIRMADO;RIBANA RUTH REA RUEDA;;distribuidora;[];Transferencia Bancaria;LA PAZ;Bs;LA PAZ_55065_arceoCajaBs_dist.xlsx;distribuidora;;;39.0;;;15/02/2023;45153175091.0;;;
55065;CCAJ-LP02/74/2023;15/02/2023;15/02/2023;547,451.61;0.0;CONFIRMADO;RIBANA RUTH REA RUEDA;;distribuidora;[];Transferencia Bancaria;LA PAZ;Bs;LA PAZ_55065_arceoCajaBs_dist.xlsx;distribuidora;;;2340.0;;;15/02/2023;451531750911.0;;;
55065;CCAJ-LP02/74/2023;15/02/2023;15/02/2023;547,451.61;0.0;CONFIRMADO;RIBANA RUTH REA RUEDA;;distribuidora;[];Transferencia Bancaria;LA PAZ;Bs;LA PAZ_55065_arceoCajaBs_dist.xlsx;distribuidora;;;17264.9;;;15/02/2023;451531750912.0;;;
55065;CCAJ-LP02/74/2023;15/02/2023;15/02/2023;547,451.61;0.0;CONFIRMADO;RIBANA RUTH REA RUEDA;;distribuidora;[];Transferencia Bancaria;LA PAZ;Bs;LA PAZ_55065_arceoCajaBs_dist.xlsx;distribuidora;;;3174.0;;;15/02/2023;451531750913.0;;;
55065;CCAJ-LP02/74/2023;15/02/2023;15/02/2023;547,451.61;0.0;CONFIRMADO;RIBANA RUTH REA RUEDA;;distribuidora;[];Transferencia Bancaria;LA PAZ;Bs;LA PAZ_55065_arceoCajaBs_dist.xlsx;distribuidora;;;25420.57;;;15/02/2023;451531750914.0;;;
55065;CCAJ-LP02/74/2023;15/02/2023;15/02/2023;547,451.61;0.0;CONFIRMADO;RIBANA RUTH REA RUEDA;;distribuidora;[];Transferencia Bancaria;LA PAZ;Bs;LA PAZ_55065_arceoCajaBs_dist.xlsx;distribuidora;;;15628.8;;;15/02/2023;451531750915.0;;;
55065;CCAJ-LP02/74/2023;15/02/2023;15/02/2023;547,451.61;0.0;CONFIRMADO;RIBANA RUTH REA RUEDA;;distribuidora;[];Transferencia Bancaria;LA PAZ;Bs;LA PAZ_55065_arceoCajaBs_dist.xlsx;distribuidora;;;1594.0;;;15/02/2023;51217634229.0;;;
55065;CCAJ-LP02/74/2023;15/02/2023;15/02/2023;547,451.61;0.0;CONFIRMADO;RIBANA RUTH REA RUEDA;;distribuidora;[];Transferencia Bancaria;LA PAZ;Bs;LA PAZ_55065_arceoCajaBs_dist.xlsx;distribuidora;;;50.0;;;15/02/2023;45163271347.0;;;
55065;CCAJ-LP02/74/2023;15/02/2023;15/02/2023;547,451.61;0.0;CONFIRMADO;RIBANA RUTH REA RUEDA;;distribuidora;[];Transferencia Bancaria;LA PAZ;Bs;LA PAZ_55065_arceoCajaBs_dist.xlsx;distribuidora;;;1085.5;;;15/02/2023;45113332981.0;;;
55065;CCAJ-LP02/74/2023;15/02/2023;15/02/2023;547,451.61;0.0;CONFIRMADO;RIBANA RUTH REA RUEDA;;distribuidora;[];Transferencia Bancaria;LA PAZ;Bs;LA PAZ_55065_arceoCajaBs_dist.xlsx;distribuidora;;;181.6;;;15/02/2023;45133184236.0;;;
55065;CCAJ-LP02/74/2023;15/02/2023;15/02/2023;547,451.61;0.0;CONFIRMADO;RIBANA RUTH REA RUEDA;;distribuidora;[];Transferencia Bancaria;LA PAZ;Bs;LA PAZ_55065_arceoCajaBs_dist.xlsx;distribuidora;;;942.06;;;15/02/2023;51117596189.0;;;
55065;CCAJ-LP02/74/2023;15/02/2023;15/02/2023;547,451.61;0.0;CONFIRMADO;RIBANA RUTH REA RUEDA;;distribuidora;[];Transferencia Bancaria;LA PAZ;Bs;LA PAZ_55065_arceoCajaBs_dist.xlsx;distribuidora;;;84.0;;;15/02/2023;45133181011.0;;;
55065;CCAJ-LP02/74/2023;15/02/2023;15/02/2023;547,451.61;0.0;CONFIRMADO;RIBANA RUTH REA RUEDA;;distribuidora;[];Transferencia Bancaria;LA PAZ;Bs;LA PAZ_55065_arceoCajaBs_dist.xlsx;distribuidora;;;11384.9;;;15/02/2023;457755.0;;;
55065;CCAJ-LP02/74/2023;15/02/2023;15/02/2023;547,451.61;0.0;CONFIRMADO;RIBANA RUTH REA RUEDA;;distribuidora;[];Transferencia Bancaria;LA PAZ;Bs;LA PAZ_55065_arceoCajaBs_dist.xlsx;distribuidora;;;10830.0;;;15/02/2023;242544.0;;;
55065;CCAJ-LP02/74/2023;15/02/2023;15/02/2023;547,451.61;0.0;CONFIRMADO;RIBANA RUTH REA RUEDA;;distribuidora;[];Transferencia Bancaria;LA PAZ;Bs;LA PAZ_55065_arceoCajaBs_dist.xlsx;distribuidora;;;900.0;;;15/02/2023;81600128114.0;;;
55065;CCAJ-LP02/74/2023;15/02/2023;15/02/2023;547,451.61;0.0;CONFIRMADO;RIBANA RUTH REA RUEDA;;distribuidora;[];Transferencia Bancaria;LA PAZ;Bs;LA PAZ_55065_arceoCajaBs_dist.xlsx;distribuidora;;;3820.18;;;15/02/2023;45143552870.0;;;
55065;CCAJ-LP02/74/2023;15/02/2023;15/02/2023;547,451.61;0.0;CONFIRMADO;RIBANA RUTH REA RUEDA;;distribuidora;[];Transferencia Bancaria;LA PAZ;Bs;LA PAZ_55065_arceoCajaBs_dist.xlsx;distribuidora;;;270.6;;;15/02/2023;45163273954.0;;;
55065;CCAJ-LP02/74/2023;15/02/2023;15/02/2023;547,451.61;0.0;CONFIRMADO;RIBANA RUTH REA RUEDA;;distribuidora;[];Transferencia Bancaria;LA PAZ;Bs;LA PAZ_55065_arceoCajaBs_dist.xlsx;distribuidora;;;7017.5;;;15/02/2023;206884.0;;;
55065;CCAJ-LP02/74/2023;15/02/2023;15/02/2023;547,451.61;0.0;CONFIRMADO;RIBANA RUTH REA RUEDA;;distribuidora;[];Transferencia Bancaria;LA PAZ;Bs;LA PAZ_55065_arceoCajaBs_dist.xlsx;distribuidora;;;2867.96;;;15/02/2023;206885.0;;;
55051;CCAJ-SC39/74/2023;15/02/2023;15/02/2023;392,589.80;0.0;CONFIRMADO;EINAR CHOQUETIJLLA - COBRADOR;;distribuidora;[];Transferencia Bancaria;SANTA CRUZ;Bs;SANTA CRUZ_55051_arceoCajaBs_dist.xlsx;distribuidora;;;615.54;;;15/02/2023;45133176790.0;;;
55051;CCAJ-SC39/74/2023;15/02/2023;15/02/2023;392,589.80;0.0;CONFIRMADO;EINAR CHOQUETIJLLA - COBRADOR;;distribuidora;[];Transferencia Bancaria;SANTA CRUZ;Bs;SANTA CRUZ_55051_arceoCajaBs_dist.xlsx;distribuidora;;;632.44;;;15/02/2023;45113328661.0;;;
55051;CCAJ-SC39/74/2023;15/02/2023;15/02/2023;392,589.80;0.0;CONFIRMADO;EINAR CHOQUETIJLLA - COBRADOR;;distribuidora;[];Transferencia Bancaria;SANTA CRUZ;Bs;SANTA CRUZ_55051_arceoCajaBs_dist.xlsx;distribuidora;;;171.84;;;15/02/2023;45153172940.0;;;
55051;CCAJ-SC39/74/2023;15/02/2023;15/02/2023;392,589.80;0.0;CONFIRMADO;EINAR CHOQUETIJLLA - COBRADOR;;distribuidora;[];Transferencia Bancaria;SANTA CRUZ;Bs;SANTA CRUZ_55051_arceoCajaBs_dist.xlsx;distribuidora;;;2220.8;;;15/02/2023;45143550830.0;;;
55051;CCAJ-SC39/74/2023;15/02/2023;15/02/2023;392,589.80;0.0;CONFIRMADO;EINAR CHOQUETIJLLA - COBRADOR;;distribuidora;[];Transferencia Bancaria;SANTA CRUZ;Bs;SANTA CRUZ_55051_arceoCajaBs_dist.xlsx;distribuidora;;;247.45;;;15/02/2023;200118.0;;;
55051;CCAJ-SC39/74/2023;15/02/2023;15/02/2023;392,589.80;0.0;CONFIRMADO;EINAR CHOQUETIJLLA - COBRADOR;;distribuidora;[];Transferencia Bancaria;SANTA CRUZ;Bs;SANTA CRUZ_55051_arceoCajaBs_dist.xlsx;distribuidora;;;49.49;;;15/02/2023;282525.0;;;
55051;CCAJ-SC39/74/2023;15/02/2023;15/02/2023;392,589.80;0.0;CONFIRMADO;EINAR CHOQUETIJLLA - COBRADOR;;distribuidora;[];Transferencia Bancaria;SANTA CRUZ;Bs;SANTA CRUZ_55051_arceoCajaBs_dist.xlsx;distribuidora;;;108.72;;;15/02/2023;285139.0;;;
55051;CCAJ-SC39/74/2023;15/02/2023;15/02/2023;392,589.80;0.0;CONFIRMADO;EINAR CHOQUETIJLLA - COBRADOR;;distribuidora;[];Transferencia Bancaria;SANTA CRUZ;Bs;SANTA CRUZ_55051_arceoCajaBs_dist.xlsx;distribuidora;;;460.6;;;15/02/2023;45113328660.0;;;
55078;CCAJ-SC39/75/2023;15/02/2023;15/02/2023;606,381.17;0.0;ANULADO;EINAR CHOQUETIJLLA - COBRADOR;;distribuidora;[];Transferencia Bancaria;SANTA CRUZ;Bs;SANTA CRUZ_55078_arceoCajaBs_dist.xlsx;distribuidora;;;3.0;;;15/02/2023;165153.0;;;
55078;CCAJ-SC39/75/2023;15/02/2023;15/02/2023;606,381.17;0.0;ANULADO;EINAR CHOQUETIJLLA - COBRADOR;;distribuidora;[];Transferencia Bancaria;SANTA CRUZ;Bs;SANTA CRUZ_55078_arceoCajaBs_dist.xlsx;distribuidora;;;548.4;;;15/02/2023;45163271363.0;;;
55078;CCAJ-SC39/75/2023;15/02/2023;15/02/2023;606,381.17;0.0;ANULADO;EINAR CHOQUETIJLLA - COBRADOR;;distribuidora;[];Transferencia Bancaria;SANTA CRUZ;Bs;SANTA CRUZ_55078_arceoCajaBs_dist.xlsx;distribuidora;;;256.56;;;15/02/2023;45173245528.0;;;
55078;CCAJ-SC39/75/2023;15/02/2023;15/02/2023;606,381.17;0.0;ANULADO;EINAR CHOQUETIJLLA - COBRADOR;;distribuidora;[];Transferencia Bancaria;SANTA CRUZ;Bs;SANTA CRUZ_55078_arceoCajaBs_dist.xlsx;distribuidora;;;4213.46;;;15/02/2023;45173246097.0;;;
55078;CCAJ-SC39/75/2023;15/02/2023;15/02/2023;606,381.17;0.0;ANULADO;EINAR CHOQUETIJLLA - COBRADOR;;distribuidora;[];Transferencia Bancaria;SANTA CRUZ;Bs;SANTA CRUZ_55078_arceoCajaBs_dist.xlsx;distribuidora;;;1686.21;;;15/02/2023;45133186245.0;;;
55078;CCAJ-SC39/75/2023;15/02/2023;15/02/2023;606,381.17;0.0;ANULADO;EINAR CHOQUETIJLLA - COBRADOR;;distribuidora;[];Transferencia Bancaria;SANTA CRUZ;Bs;SANTA CRUZ_55078_arceoCajaBs_dist.xlsx;distribuidora;;;440.0;;;15/02/2023;45173246229.0;;;
55078;CCAJ-SC39/75/2023;15/02/2023;15/02/2023;606,381.17;0.0;ANULADO;EINAR CHOQUETIJLLA - COBRADOR;;distribuidora;[];Transferencia Bancaria;SANTA CRUZ;Bs;SANTA CRUZ_55078_arceoCajaBs_dist.xlsx;distribuidora;;;195.0;;;15/02/2023;52716818333.0;;;
55078;CCAJ-SC39/75/2023;15/02/2023;15/02/2023;606,381.17;0.0;ANULADO;EINAR CHOQUETIJLLA - COBRADOR;;distribuidora;[];Transferencia Bancaria;SANTA CRUZ;Bs;SANTA CRUZ_55078_arceoCajaBs_dist.xlsx;distribuidora;;;1036.0;;;15/02/2023;45113335542.0;;;
55078;CCAJ-SC39/75/2023;15/02/2023;15/02/2023;606,381.17;0.0;ANULADO;EINAR CHOQUETIJLLA - COBRADOR;;distribuidora;[];Transferencia Bancaria;SANTA CRUZ;Bs;SANTA CRUZ_55078_arceoCajaBs_dist.xlsx;distribuidora;;;14840.0;;;15/02/2023;45143552967.0;;;
55078;CCAJ-SC39/75/2023;15/02/2023;15/02/2023;606,381.17;0.0;ANULADO;EINAR CHOQUETIJLLA - COBRADOR;;distribuidora;[];Transferencia Bancaria;SANTA CRUZ;Bs;SANTA CRUZ_55078_arceoCajaBs_dist.xlsx;distribuidora;;;5099.21;;;15/02/2023;10370425797.0;;;
55078;CCAJ-SC39/75/2023;15/02/2023;15/02/2023;606,381.17;0.0;ANULADO;EINAR CHOQUETIJLLA - COBRADOR;;distribuidora;[];Transferencia Bancaria;SANTA CRUZ;Bs;SANTA CRUZ_55078_arceoCajaBs_dist.xlsx;distribuidora;;;1173.12;;;15/02/2023;45143553017.0;;;
55078;CCAJ-SC39/75/2023;15/02/2023;15/02/2023;606,381.17;0.0;ANULADO;EINAR CHOQUETIJLLA - COBRADOR;;distribuidora;[];Transferencia Bancaria;SANTA CRUZ;Bs;SANTA CRUZ_55078_arceoCajaBs_dist.xlsx;distribuidora;;;720.0;;;15/02/2023;45153179753.0;;;
55078;CCAJ-SC39/75/2023;15/02/2023;15/02/2023;606,381.17;0.0;ANULADO;EINAR CHOQUETIJLLA - COBRADOR;;distribuidora;[];Transferencia Bancaria;SANTA CRUZ;Bs;SANTA CRUZ_55078_arceoCajaBs_dist.xlsx;distribuidora;;;2500.0;;;15/02/2023;168744.0;;;
55078;CCAJ-SC39/75/2023;15/02/2023;15/02/2023;606,381.17;0.0;ANULADO;EINAR CHOQUETIJLLA - COBRADOR;;distribuidora;[];Transferencia Bancaria;SANTA CRUZ;Bs;SANTA CRUZ_55078_arceoCajaBs_dist.xlsx;distribuidora;;;570.6;;;15/02/2023;256209.0;;;
55078;CCAJ-SC39/75/2023;15/02/2023;15/02/2023;606,381.17;0.0;ANULADO;EINAR CHOQUETIJLLA - COBRADOR;;distribuidora;[];Transferencia Bancaria;SANTA CRUZ;Bs;SANTA CRUZ_55078_arceoCajaBs_dist.xlsx;distribuidora;;;578.0;;;15/02/2023;309007.0;;;
55078;CCAJ-SC39/75/2023;15/02/2023;15/02/2023;606,381.17;0.0;ANULADO;EINAR CHOQUETIJLLA - COBRADOR;;distribuidora;[];Transferencia Bancaria;SANTA CRUZ;Bs;SANTA CRUZ_55078_arceoCajaBs_dist.xlsx;distribuidora;;;120.0;;;15/02/2023;380903.0;;;
55078;CCAJ-SC39/75/2023;15/02/2023;15/02/2023;606,381.17;0.0;ANULADO;EINAR CHOQUETIJLLA - COBRADOR;;distribuidora;[];Transferencia Bancaria;SANTA CRUZ;Bs;SANTA CRUZ_55078_arceoCajaBs_dist.xlsx;distribuidora;;;2670.0;;;15/02/2023;388282.0;;;
55078;CCAJ-SC39/75/2023;15/02/2023;15/02/2023;606,381.17;0.0;ANULADO;EINAR CHOQUETIJLLA - COBRADOR;;distribuidora;[];Transferencia Bancaria;SANTA CRUZ;Bs;SANTA CRUZ_55078_arceoCajaBs_dist.xlsx;distribuidora;;;1616.0;;;15/02/2023;417702.0;;;
55078;CCAJ-SC39/75/2023;15/02/2023;15/02/2023;606,381.17;0.0;ANULADO;EINAR CHOQUETIJLLA - COBRADOR;;distribuidora;[];Transferencia Bancaria;SANTA CRUZ;Bs;SANTA CRUZ_55078_arceoCajaBs_dist.xlsx;distribuidora;;;1440.32;;;15/02/2023;45133186597.0;;;
55078;CCAJ-SC39/75/2023;15/02/2023;15/02/2023;606,381.17;0.0;ANULADO;EINAR CHOQUETIJLLA - COBRADOR;;distribuidora;[];Transferencia Bancaria;SANTA CRUZ;Bs;SANTA CRUZ_55078_arceoCajaBs_dist.xlsx;distribuidora;;;388.08;;;15/02/2023;45163274150.0;;;
55078;CCAJ-SC39/75/2023;15/02/2023;15/02/2023;606,381.17;0.0;ANULADO;EINAR CHOQUETIJLLA - COBRADOR;;distribuidora;[];Transferencia Bancaria;SANTA CRUZ;Bs;SANTA CRUZ_55078_arceoCajaBs_dist.xlsx;distribuidora;;;395.92;;;15/02/2023;45163274151.0;;;
55078;CCAJ-SC39/75/2023;15/02/2023;15/02/2023;606,381.17;0.0;ANULADO;EINAR CHOQUETIJLLA - COBRADOR;;distribuidora;[];Transferencia Bancaria;SANTA CRUZ;Bs;SANTA CRUZ_55078_arceoCajaBs_dist.xlsx;distribuidora;;;1418.16;;;15/02/2023;52316866019.0;;;
55078;CCAJ-SC39/75/2023;15/02/2023;15/02/2023;606,381.17;0.0;ANULADO;EINAR CHOQUETIJLLA - COBRADOR;;distribuidora;[];Transferencia Bancaria;SANTA CRUZ;Bs;SANTA CRUZ_55078_arceoCajaBs_dist.xlsx;distribuidora;;;256.2;;;15/02/2023;45133187135.0;;;
55078;CCAJ-SC39/75/2023;15/02/2023;15/02/2023;606,381.17;0.0;ANULADO;EINAR CHOQUETIJLLA - COBRADOR;;distribuidora;[];Transferencia Bancaria;SANTA CRUZ;Bs;SANTA CRUZ_55078_arceoCajaBs_dist.xlsx;distribuidora;;;640.67;;;15/02/2023;51167490192.0;;;
55078;CCAJ-SC39/75/2023;15/02/2023;15/02/2023;606,381.17;0.0;ANULADO;EINAR CHOQUETIJLLA - COBRADOR;;distribuidora;[];Transferencia Bancaria;SANTA CRUZ;Bs;SANTA CRUZ_55078_arceoCajaBs_dist.xlsx;distribuidora;;;393.96;;;15/02/2023;45143553872.0;;;
55078;CCAJ-SC39/75/2023;15/02/2023;15/02/2023;606,381.17;0.0;ANULADO;EINAR CHOQUETIJLLA - COBRADOR;;distribuidora;[];Transferencia Bancaria;SANTA CRUZ;Bs;SANTA CRUZ_55078_arceoCajaBs_dist.xlsx;distribuidora;;;1330.0;;;15/02/2023;45133187384.0;;;
55078;CCAJ-SC39/75/2023;15/02/2023;15/02/2023;606,381.17;0.0;ANULADO;EINAR CHOQUETIJLLA - COBRADOR;;distribuidora;[];Transferencia Bancaria;SANTA CRUZ;Bs;SANTA CRUZ_55078_arceoCajaBs_dist.xlsx;distribuidora;;;1950.0;;;15/02/2023;52716820375.0;;;
55078;CCAJ-SC39/75/2023;15/02/2023;15/02/2023;606,381.17;0.0;ANULADO;EINAR CHOQUETIJLLA - COBRADOR;;distribuidora;[];Transferencia Bancaria;SANTA CRUZ;Bs;SANTA CRUZ_55078_arceoCajaBs_dist.xlsx;distribuidora;;;240.0;;;15/02/2023;45143553913.0;;;
55078;CCAJ-SC39/75/2023;15/02/2023;15/02/2023;606,381.17;0.0;ANULADO;EINAR CHOQUETIJLLA - COBRADOR;;distribuidora;[];Transferencia Bancaria;SANTA CRUZ;Bs;SANTA CRUZ_55078_arceoCajaBs_dist.xlsx;distribuidora;;;500.3;;;15/02/2023;45123319883.0;;;
55078;CCAJ-SC39/75/2023;15/02/2023;15/02/2023;606,381.17;0.0;ANULADO;EINAR CHOQUETIJLLA - COBRADOR;;distribuidora;[];Transferencia Bancaria;SANTA CRUZ;Bs;SANTA CRUZ_55078_arceoCajaBs_dist.xlsx;distribuidora;;;191.58;;;15/02/2023;45123320056.0;;;
55078;CCAJ-SC39/75/2023;15/02/2023;15/02/2023;606,381.17;0.0;ANULADO;EINAR CHOQUETIJLLA - COBRADOR;;distribuidora;[];Transferencia Bancaria;SANTA CRUZ;Bs;SANTA CRUZ_55078_arceoCajaBs_dist.xlsx;distribuidora;;;120.0;;;15/02/2023;45113336786.0;;;
55078;CCAJ-SC39/75/2023;15/02/2023;15/02/2023;606,381.17;0.0;ANULADO;EINAR CHOQUETIJLLA - COBRADOR;;distribuidora;[];Transferencia Bancaria;SANTA CRUZ;Bs;SANTA CRUZ_55078_arceoCajaBs_dist.xlsx;distribuidora;;;1871.05;;;15/02/2023;45123320166.0;;;
55078;CCAJ-SC39/75/2023;15/02/2023;15/02/2023;606,381.17;0.0;ANULADO;EINAR CHOQUETIJLLA - COBRADOR;;distribuidora;[];Transferencia Bancaria;SANTA CRUZ;Bs;SANTA CRUZ_55078_arceoCajaBs_dist.xlsx;distribuidora;;;933.95;;;15/02/2023;438803.0;;;
55078;CCAJ-SC39/75/2023;15/02/2023;15/02/2023;606,381.17;0.0;ANULADO;EINAR CHOQUETIJLLA - COBRADOR;;distribuidora;[];Transferencia Bancaria;SANTA CRUZ;Bs;SANTA CRUZ_55078_arceoCajaBs_dist.xlsx;distribuidora;;;5356.08;;;15/02/2023;45173245499.0;;;
55078;CCAJ-SC39/75/2023;15/02/2023;15/02/2023;606,381.17;0.0;ANULADO;EINAR CHOQUETIJLLA - COBRADOR;;distribuidora;[];Transferencia Bancaria;SANTA CRUZ;Bs;SANTA CRUZ_55078_arceoCajaBs_dist.xlsx;distribuidora;;;7980.0;;;15/02/2023;170712.0;;;
55078;CCAJ-SC39/75/2023;15/02/2023;15/02/2023;606,381.17;0.0;ANULADO;EINAR CHOQUETIJLLA - COBRADOR;;distribuidora;[];Transferencia Bancaria;SANTA CRUZ;Bs;SANTA CRUZ_55078_arceoCajaBs_dist.xlsx;distribuidora;;;55103.5;;;15/02/2023;45123318989.0;;;
55078;CCAJ-SC39/75/2023;15/02/2023;15/02/2023;606,381.17;0.0;ANULADO;EINAR CHOQUETIJLLA - COBRADOR;;distribuidora;[];Transferencia Bancaria;SANTA CRUZ;Bs;SANTA CRUZ_55078_arceoCajaBs_dist.xlsx;distribuidora;;;1528.74;;;15/02/2023;45163272334.0;;;
55078;CCAJ-SC39/75/2023;15/02/2023;15/02/2023;606,381.17;0.0;ANULADO;EINAR CHOQUETIJLLA - COBRADOR;;distribuidora;[];Transferencia Bancaria;SANTA CRUZ;Bs;SANTA CRUZ_55078_arceoCajaBs_dist.xlsx;distribuidora;;;2851.96;;;15/02/2023;45153178924.0;;;
55078;CCAJ-SC39/75/2023;15/02/2023;15/02/2023;606,381.17;0.0;ANULADO;EINAR CHOQUETIJLLA - COBRADOR;;distribuidora;[];Transferencia Bancaria;SANTA CRUZ;Bs;SANTA CRUZ_55078_arceoCajaBs_dist.xlsx;distribuidora;;;1372.0;;;15/02/2023;45173236060.0;;;
55078;CCAJ-SC39/75/2023;15/02/2023;15/02/2023;606,381.17;0.0;ANULADO;EINAR CHOQUETIJLLA - COBRADOR;;distribuidora;[];Transferencia Bancaria;SANTA CRUZ;Bs;SANTA CRUZ_55078_arceoCajaBs_dist.xlsx;distribuidora;;;1264.5;;;15/02/2023;52516857945.0;;;
55078;CCAJ-SC39/75/2023;15/02/2023;15/02/2023;606,381.17;0.0;ANULADO;EINAR CHOQUETIJLLA - COBRADOR;;distribuidora;[];Transferencia Bancaria;SANTA CRUZ;Bs;SANTA CRUZ_55078_arceoCajaBs_dist.xlsx;distribuidora;;;711.69;;;15/02/2023;52516857943.0;;;
55078;CCAJ-SC39/75/2023;15/02/2023;15/02/2023;606,381.17;0.0;ANULADO;EINAR CHOQUETIJLLA - COBRADOR;;distribuidora;[];Transferencia Bancaria;SANTA CRUZ;Bs;SANTA CRUZ_55078_arceoCajaBs_dist.xlsx;distribuidora;;;697.0;;;15/02/2023;52516857949.0;;;
55078;CCAJ-SC39/75/2023;15/02/2023;15/02/2023;606,381.17;0.0;ANULADO;EINAR CHOQUETIJLLA - COBRADOR;;distribuidora;[];Transferencia Bancaria;SANTA CRUZ;Bs;SANTA CRUZ_55078_arceoCajaBs_dist.xlsx;distribuidora;;;338.9;;;15/02/2023;52516857947.0;;;
55078;CCAJ-SC39/75/2023;15/02/2023;15/02/2023;606,381.17;0.0;ANULADO;EINAR CHOQUETIJLLA - COBRADOR;;distribuidora;[];Transferencia Bancaria;SANTA CRUZ;Bs;SANTA CRUZ_55078_arceoCajaBs_dist.xlsx;distribuidora;;;3122.84;;;15/02/2023;45153181084.0;;;
55078;CCAJ-SC39/75/2023;15/02/2023;15/02/2023;606,381.17;0.0;ANULADO;EINAR CHOQUETIJLLA - COBRADOR;;distribuidora;[];Transferencia Bancaria;SANTA CRUZ;Bs;SANTA CRUZ_55078_arceoCajaBs_dist.xlsx;distribuidora;;;2700.43;;;15/02/2023;723604.0;;;
55078;CCAJ-SC39/75/2023;15/02/2023;15/02/2023;606,381.17;0.0;ANULADO;EINAR CHOQUETIJLLA - COBRADOR;;distribuidora;[];Transferencia Bancaria;SANTA CRUZ;Bs;SANTA CRUZ_55078_arceoCajaBs_dist.xlsx;distribuidora;;;5385.0;;;15/02/2023;45123320264.0;;;
55078;CCAJ-SC39/75/2023;15/02/2023;15/02/2023;606,381.17;0.0;ANULADO;EINAR CHOQUETIJLLA - COBRADOR;;distribuidora;[];Transferencia Bancaria;SANTA CRUZ;Bs;SANTA CRUZ_55078_arceoCajaBs_dist.xlsx;distribuidora;;;1718.88;;;15/02/2023;52516858655.0;;;
55078;CCAJ-SC39/75/2023;15/02/2023;15/02/2023;606,381.17;0.0;ANULADO;EINAR CHOQUETIJLLA - COBRADOR;;distribuidora;[];Transferencia Bancaria;SANTA CRUZ;Bs;SANTA CRUZ_55078_arceoCajaBs_dist.xlsx;distribuidora;;;14720.0;;;15/02/2023;45163272785.0;;;
55078;CCAJ-SC39/75/2023;15/02/2023;15/02/2023;606,381.17;0.0;ANULADO;EINAR CHOQUETIJLLA - COBRADOR;;distribuidora;[];Transferencia Bancaria;SANTA CRUZ;Bs;SANTA CRUZ_55078_arceoCajaBs_dist.xlsx;distribuidora;;;20000.0;;;15/02/2023;45153179623.0;;;
55078;CCAJ-SC39/75/2023;15/02/2023;15/02/2023;606,381.17;0.0;ANULADO;EINAR CHOQUETIJLLA - COBRADOR;;distribuidora;[];Transferencia Bancaria;SANTA CRUZ;Bs;SANTA CRUZ_55078_arceoCajaBs_dist.xlsx;distribuidora;;;10000.0;;;15/02/2023;15.0;;;
55078;CCAJ-SC39/75/2023;15/02/2023;15/02/2023;606,381.17;0.0;ANULADO;EINAR CHOQUETIJLLA - COBRADOR;;distribuidora;[];Transferencia Bancaria;SANTA CRUZ;Bs;SANTA CRUZ_55078_arceoCajaBs_dist.xlsx;distribuidora;;;56725.3;;;15/02/2023;170938.0;;;
55078;CCAJ-SC39/75/2023;15/02/2023;15/02/2023;606,381.17;0.0;ANULADO;EINAR CHOQUETIJLLA - COBRADOR;;distribuidora;[];Transferencia Bancaria;SANTA CRUZ;Bs;SANTA CRUZ_55078_arceoCajaBs_dist.xlsx;distribuidora;;;3088.0;;;15/02/2023;207254.0;;;
55078;CCAJ-SC39/75/2023;15/02/2023;15/02/2023;606,381.17;0.0;ANULADO;EINAR CHOQUETIJLLA - COBRADOR;;distribuidora;[];Transferencia Bancaria;SANTA CRUZ;Bs;SANTA CRUZ_55078_arceoCajaBs_dist.xlsx;distribuidora;;;1550.0;;;15/02/2023;261386.0;;;
55078;CCAJ-SC39/75/2023;15/02/2023;15/02/2023;606,381.17;0.0;ANULADO;EINAR CHOQUETIJLLA - COBRADOR;;distribuidora;[];Transferencia Bancaria;SANTA CRUZ;Bs;SANTA CRUZ_55078_arceoCajaBs_dist.xlsx;distribuidora;;;2771.76;;;15/02/2023;425623.0;;;
55078;CCAJ-SC39/75/2023;15/02/2023;15/02/2023;606,381.17;0.0;ANULADO;EINAR CHOQUETIJLLA - COBRADOR;;distribuidora;[];Transferencia Bancaria;SANTA CRUZ;Bs;SANTA CRUZ_55078_arceoCajaBs_dist.xlsx;distribuidora;;;52268.0;;;15/02/2023;81551.0;;;
55078;CCAJ-SC39/75/2023;15/02/2023;15/02/2023;606,381.17;0.0;ANULADO;EINAR CHOQUETIJLLA - COBRADOR;;distribuidora;[];Transferencia Bancaria;SANTA CRUZ;d贸lar;SANTA CRUZ_55078_arceoCajaUs_dist.xlsx;distribuidora;;;100.0;;;15/02/2023;170953.0;MERCANTIL SANTA CRUZ;;
55078;CCAJ-SC39/75/2023;15/02/2023;15/02/2023;606,381.17;0.0;ANULADO;EINAR CHOQUETIJLLA - COBRADOR;;distribuidora;[];Transferencia Bancaria;SANTA CRUZ;d贸lar;SANTA CRUZ_55078_arceoCajaUs_dist.xlsx;distribuidora;;;1080.0;;;15/02/2023;170034.0;MERCANTIL SANTA CRUZ;;
55054;CCAJ-TA43/37/2023;15/02/2023;15/02/2023;72,086.60;0.0;CONFIRMADO;NELVI JUANITA ROMERO CASTILLO;;distribuidora;[];Transferencia Bancaria;TARIJA;Bs;TARIJA_55054_arceoCajaBs_dist.xlsx;distribuidora;;;2980.0;;;14/02/2023;38714995.0;;;
55067;CCAJ-LP08/37/23;15/02/2023;15/02/2023;6,980.14;1,000.00;CONFIRMADO;IBANA SOLIZ CUENTAS;;agencia;[];Voucher;LA PAZ;Bs;LA PAZ_55067_arceoCajaBs_ag.xlsx;agencia;;;755.29;;;15/02/2023;;;006648;4246662 LP
55067;CCAJ-LP08/37/23;15/02/2023;15/02/2023;6,980.14;1,000.00;CONFIRMADO;IBANA SOLIZ CUENTAS;;agencia;[];Voucher;LA PAZ;Bs;LA PAZ_55067_arceoCajaBs_ag.xlsx;agencia;;;20.0;;;15/02/2023;;;006648;220002 LP
55067;CCAJ-LP08/37/23;15/02/2023;15/02/2023;6,980.14;1,000.00;CONFIRMADO;IBANA SOLIZ CUENTAS;;agencia;[];Voucher;LA PAZ;Bs;LA PAZ_55067_arceoCajaBs_ag.xlsx;agencia;;;112.99;;;15/02/2023;;;6651;6113198
55067;CCAJ-LP08/37/23;15/02/2023;15/02/2023;6,980.14;1,000.00;CONFIRMADO;IBANA SOLIZ CUENTAS;;agencia;[];Voucher;LA PAZ;Bs;LA PAZ_55067_arceoCajaBs_ag.xlsx;agencia;;;70.3;;;15/02/2023;;;006650;2465077 LP
55067;CCAJ-LP08/37/23;15/02/2023;15/02/2023;6,980.14;1,000.00;CONFIRMADO;IBANA SOLIZ CUENTAS;;agencia;[];Voucher;LA PAZ;Bs;LA PAZ_55067_arceoCajaBs_ag.xlsx;agencia;;;36.5;;;15/02/2023;;;6652;3322110
55067;CCAJ-LP08/37/23;15/02/2023;15/02/2023;6,980.14;1,000.00;CONFIRMADO;IBANA SOLIZ CUENTAS;;agencia;[];Voucher;LA PAZ;Bs;LA PAZ_55067_arceoCajaBs_ag.xlsx;agencia;;;81.6;;;15/02/2023;;;6647;6964885
55067;CCAJ-LP08/37/23;15/02/2023;15/02/2023;6,980.14;1,000.00;CONFIRMADO;IBANA SOLIZ CUENTAS;;agencia;[];Voucher;LA PAZ;Bs;LA PAZ_55067_arceoCajaBs_ag.xlsx;agencia;;;29.0;;;15/02/2023;;;6656;5988110
55067;CCAJ-LP08/37/23;15/02/2023;15/02/2023;6,980.14;1,000.00;CONFIRMADO;IBANA SOLIZ CUENTAS;;agencia;[];Voucher;LA PAZ;Bs;LA PAZ_55067_arceoCajaBs_ag.xlsx;agencia;;;92.0;;;15/02/2023;;;6653;4844008
55067;CCAJ-LP08/37/23;15/02/2023;15/02/2023;6,980.14;1,000.00;CONFIRMADO;IBANA SOLIZ CUENTAS;;agencia;[];Voucher;LA PAZ;Bs;LA PAZ_55067_arceoCajaBs_ag.xlsx;agencia;;;348.15;;;15/02/2023;;;6658;3458007
55067;CCAJ-LP08/37/23;15/02/2023;15/02/2023;6,980.14;1,000.00;CONFIRMADO;IBANA SOLIZ CUENTAS;;agencia;[];Voucher;LA PAZ;Bs;LA PAZ_55067_arceoCajaBs_ag.xlsx;agencia;;;47.5;;;15/02/2023;;;006654;4787140 LP
55067;CCAJ-LP08/37/23;15/02/2023;15/02/2023;6,980.14;1,000.00;CONFIRMADO;IBANA SOLIZ CUENTAS;;agencia;[];Voucher;LA PAZ;Bs;LA PAZ_55067_arceoCajaBs_ag.xlsx;agencia;;;31.2;;;15/02/2023;;;6657;2362385
55067;CCAJ-LP08/37/23;15/02/2023;15/02/2023;6,980.14;1,000.00;CONFIRMADO;IBANA SOLIZ CUENTAS;;agencia;[];Voucher;LA PAZ;Bs;LA PAZ_55067_arceoCajaBs_ag.xlsx;agencia;;;189.26;;;15/02/2023;;;6655;4844005
55067;CCAJ-LP08/37/23;15/02/2023;15/02/2023;6,980.14;1,000.00;CONFIRMADO;IBANA SOLIZ CUENTAS;;agencia;[];Voucher;LA PAZ;Bs;LA PAZ_55067_arceoCajaBs_ag.xlsx;agencia;;;39.05;;;15/02/2023;;;6659;4791952
55070;CCAJ-LP01/74/23;15/02/2023;15/02/2023;7,227.71;1,000.00;CONFIRMADO;JUAN CARLOS CAPCHA ORELLANA;;agencia;[];Voucher;LA PAZ;Bs00;LA PAZ_55070_arceoCajaBs_ag.xlsx;agencia;;;83.6;;;15/02/2023;;;000974;6153807
55070;CCAJ-LP01/74/23;15/02/2023;15/02/2023;7,227.71;1,000.00;CONFIRMADO;JUAN CARLOS CAPCHA ORELLANA;;agencia;[];Voucher;LA PAZ;Bs00;LA PAZ_55070_arceoCajaBs_ag.xlsx;agencia;;;43.0;;;15/02/2023;;;000972;8369474LP
55070;CCAJ-LP01/74/23;15/02/2023;15/02/2023;7,227.71;1,000.00;CONFIRMADO;JUAN CARLOS CAPCHA ORELLANA;;agencia;[];Voucher;LA PAZ;Bs00;LA PAZ_55070_arceoCajaBs_ag.xlsx;agencia;;;61.0;;;15/02/2023;;;000971;6768580LP
55070;CCAJ-LP01/74/23;15/02/2023;15/02/2023;7,227.71;1,000.00;CONFIRMADO;JUAN CARLOS CAPCHA ORELLANA;;agencia;[];Voucher;LA PAZ;Bs00;LA PAZ_55070_arceoCajaBs_ag.xlsx;agencia;;;43.71;;;15/02/2023;;;000973;2308063LP
55071;CCAJ-SC59/37/23;15/02/2023;15/02/2023;4,843.04;1,000.00;CONFIRMADO;JUAN GILBERTO PARADA ROJAS;;agencia;[];Voucher;SANTA CRUZ;Bs;SANTA CRUZ_55071_arceoCajaBs_ag.xlsx;agencia;;;74.54;;;15/02/2023;;;72162289;3282659
55075;CCAJ-SC65/37/23;15/02/2023;15/02/2023;2,476.57;1,000.00;CONFIRMADO;JOAQUIN CAMPERO SALAZAR;;agencia;[];Voucher;SANTA CRUZ;Bs;SANTA CRUZ_55075_arceoCajaBs_ag.xlsx;agencia;;;190.87;;;15/02/2023;;;SRA CARMEN FUENTES;3075005
55075;CCAJ-SC65/37/23;15/02/2023;15/02/2023;2,476.57;1,000.00;CONFIRMADO;JOAQUIN CAMPERO SALAZAR;;agencia;[];Voucher;SANTA CRUZ;Bs;SANTA CRUZ_55075_arceoCajaBs_ag.xlsx;agencia;;;369.9;;;15/02/2023;;;SR JUAN LUIS ARTEAGA  MEJIA;12408731
55060;CCAJ-TA06/37/23;15/02/2023;15/02/2023;6,623.47;1,000.00;CONFIRMADO;BELZA GUTIERREZ CONDORI;;agencia;[];Voucher;TARIJA;Bs;TARIJA_55060_arceoCajaBs_ag.xlsx;agencia;;;279.38;;;15/02/2023;;;002039;1878626 tja
55060;CCAJ-TA06/37/23;15/02/2023;15/02/2023;6,623.47;1,000.00;CONFIRMADO;BELZA GUTIERREZ CONDORI;;agencia;[];Voucher;TARIJA;Bs;TARIJA_55060_arceoCajaBs_ag.xlsx;agencia;;;284.56;;;15/02/2023;;;002040;5005437 TJA 
55060;CCAJ-TA06/37/23;15/02/2023;15/02/2023;6,623.47;1,000.00;CONFIRMADO;BELZA GUTIERREZ CONDORI;;agencia;[];Voucher;TARIJA;Bs;TARIJA_55060_arceoCajaBs_ag.xlsx;agencia;;;86.7;;;15/02/2023;;;002041;5811310 TJA
55060;CCAJ-TA06/37/23;15/02/2023;15/02/2023;6,623.47;1,000.00;CONFIRMADO;BELZA GUTIERREZ CONDORI;;agencia;[];Voucher;TARIJA;Bs;TARIJA_55060_arceoCajaBs_ag.xlsx;agencia;;;42.25;;;15/02/2023;;;002042;2546618 ORU
